file,playlists,shipped_or_code_refs,test_map_refs
sounds/10_atmos/10_atmos.m4a,_10_atmos,ps2_10:atmos.soundList (exact);ps2_11a:bad_atmos.soundList (exact);ps2_11b:atmos.soundList (exact);ps2_17:10_atmos.soundList (exact);ps2_5a:bad_atmos.soundList (exact),
sounds/Collectibles/door_buzzer/buzzer_appear_SPA_UOS.mp3,_door_buzzer,ps2_10:door.introSound (exact);ps2_1:door.introSound (exact);ps2_2:door.introSound (exact);ps2_3:door.introSound (exact);ps2_4:door.introSound (exact);ps2_5:door.introSound (exact);ps2_6:door.introSound (exact);ps2_7:door.introSound (exact);ps2_8:door.introSound (exact);ps2_9:door.introSound (exact),
sounds/Collectibles/door_buzzer/buzzer_loop_SPA_UOS.mp3,_door_buzzer,ps2_10:door.loopSound (exact);ps2_1:door.loopSound (exact);ps2_2:door.loopSound (exact);ps2_3:door.loopSound (exact);ps2_4:door.loopSound (exact);ps2_5:door.loopSound (exact);ps2_6:door.loopSound (exact);ps2_7:door.loopSound (exact);ps2_8:door.loopSound (exact);ps2_9:door.loopSound (exact),
sounds/Collectibles/music_collectibles_collected/music1/music1_collected_1_UOS.m4a,_music_collectibles_collected_1,ps2_11b:collectible1.collectSound (exact);ps2_1:memory1.collectSound (exact),
sounds/Collectibles/music_collectibles_collected/music1/music1_collected_2_UOS.m4a,_music_collectibles_collected_1,ps2_1:memory2.collectSound (exact),
sounds/Collectibles/music_collectibles_collected/music1/music1_collected_3_UOS.m4a,_music_collectibles_collected_1,ps2_1:memory3.collectSound (exact),
sounds/Collectibles/music_collectibles_collected/music3/music3_collected_1_UOS.m4a,_music_collectible_collected_3;_music_collectibles_collected_3,ps2_11b:collectible3.collectSound (exact);ps2_3:memory1.collectSound (exact),
sounds/Collectibles/music_collectibles_collected/music3/music3_collected_2_UOS.m4a,_music_collectible_collected_3;_music_collectibles_collected_3,ps2_3:memory2.collectSound (exact),
sounds/Collectibles/music_collectibles_collected/music3/music3_collected_3_UOS.m4a,_music_collectible_collected_3;_music_collectibles_collected_3,ps2_3:memory3.collectSound (exact),
sounds/Collectibles/music_collectibles_collected/music4/music4_collected_1_UOS.m4a,_music_collectibles_collected_4,ps2_11b:collectible4.collectSound (exact);ps2_4:memory1.collectSound (exact),
sounds/Collectibles/music_collectibles_collected/music4/music4_collected_2_UOS.m4a,_music_collectibles_collected_4,ps2_4:memory2.collectSound (exact),
sounds/Collectibles/music_collectibles_collected/music4/music4_collected_3_UOS.m4a,_music_collectibles_collected_4,ps2_4:memory3.collectSound (exact),
sounds/Collectibles/music_collectibles_collected/music4/music4_collected_4_UOS.m4a,_music_collectibles_collected_4,ps2_4:memory4.collectSound (exact),
sounds/Collectibles/music_collectibles_collected/music5/music5_collected_1_UOS.m4a,_music_collectibles_collected_5,ps2_11b:collectible5.collectSound (exact);ps2_5:memory1.collectSound (exact),
sounds/Collectibles/music_collectibles_collected/music5/music5_collected_2_UOS.m4a,_music_collectibles_collected_5,ps2_5:memory2.collectSound (exact),
sounds/Collectibles/music_collectibles_collected/music5/music5_collected_3_UOS.m4a,_music_collectibles_collected_5,ps2_5:memory3.collectSound (exact),
sounds/Collectibles/music_collectibles_collected/music5/music5_collected_4_UOS.m4a,_music_collectibles_collected_5,ps2_5:memory4.collectSound (exact),
sounds/Collectibles/music_collectibles_collected/theme/theme_collected_1_UOS.m4a,_music_collectibles_collected_theme,ps2_18:memory1.collectSound (exact);ps2_Intro:memory1.collectSound (exact),
sounds/Collectibles/music_collectibles_collected/theme/theme_collected_2_UOS.m4a,_music_collectibles_collected_theme,ps2_18:memory2.collectSound (exact);ps2_Intro:memory2.collectSound (exact),
sounds/Collectibles/music_collectibles_collected/theme/theme_collected_3_waterbucket_UOS.m4a,_music_collectibles_collected_theme,ps2_Intro:memory3.collectSound (exact),
sounds/Collectibles/music_collectibles_collected/theme/theme_collected_4_birdappear_UOS.m4a,_music_collectibles_collected_theme,ps2_Intro:memory4.collectSound (exact),
sounds/Collectibles/music_collectibles_collected/theme/theme_collected_5_whisper_UOS.m4a,_music_collectibles_collected_theme,ps2_Intro:memory5.collectSound (exact),
sounds/Collectibles/music_collectibles_destroyed/music1/music1_destroyed_1_SPA_UOS.m4a,_music_collectibles_destroyed_1,ps2_12:memory1.collectSound (exact),
sounds/Collectibles/music_collectibles_destroyed/music1/music1_destroyed_2_SPA_UOS.m4a,_music_collectibles_destroyed_1,ps2_12:memory2.collectSound (exact),
sounds/Collectibles/music_collectibles_destroyed/music1/music1_destroyed_3_SPA_UOS.m4a,_music_collectibles_destroyed_1,ps2_12:memory3.collectSound (exact),
sounds/Collectibles/music_collectibles_destroyed/music1/music1_destroyed_4_UOS.m4a,_music_collectibles_destroyed_1,ps2_12:memory4.collectSound (exact),
sounds/Collectibles/music_collectibles_destroyed/music3/music3_destroyed_1_UOS.m4a,_music_collectibles_destroyed_3,ps2_14:memory1.collectSound (exact),
sounds/Collectibles/music_collectibles_destroyed/music3/music3_destroyed_2_UOS.m4a,_music_collectibles_destroyed_3,ps2_14:memory2.collectSound (exact),
sounds/Collectibles/music_collectibles_destroyed/music3/music3_destroyed_3_UOS.m4a,_music_collectibles_destroyed_3,ps2_14:memory3.collectSound (exact),
sounds/Collectibles/music_collectibles_destroyed/music3/music3_destroyed_4_UOS.m4a,_music_collectibles_destroyed_3,ps2_14:memory5.collectSound (exact),
sounds/Collectibles/music_collectibles_destroyed/music5/music5_destroyed_1_UOS.m4a,_music_collectibles_destroyed_5,ps2_16:memory1.collectSound (exact),
sounds/Collectibles/music_collectibles_destroyed/music5/music5_destroyed_2_UOS.m4a,_music_collectibles_destroyed_5,ps2_16:memory2.collectSound (exact),
sounds/Collectibles/music_collectibles_destroyed/music5/music5_destroyed_3_UOS.m4a,_music_collectibles_destroyed_5,ps2_16:memory3.collectSound (exact),
sounds/Collectibles/music_collectibles_destroyed/music5/music5_destroyed_4_UOS.m4a,_music_collectibles_destroyed_5,ps2_16:memory4.collectSound (exact),
sounds/Collectibles/music_collectibles_loops/music1/music1_collectible_1_SPA_UOS.m4a,_music_collectibles_loops_1,ps2_11b:collectible1.loopSound (exact);ps2_12:memory1.loopSound (exact);ps2_1:memory1.loopSound (exact),
sounds/Collectibles/music_collectibles_loops/music1/music1_collectible_2_SPA_UOS.m4a,_music_collectibles_loops_1,ps2_12:memory2.loopSound (exact);ps2_1:memory2.loopSound (exact),
sounds/Collectibles/music_collectibles_loops/music1/music1_collectible_3_SPA_UOS.m4a,_music_collectibles_loops_1,ps2_12:memory3.loopSound (exact);ps2_1:memory3.loopSound (exact),
sounds/Collectibles/music_collectibles_loops/music1/music1_collectible_4_SPA_UOS.m4a,_music_collectibles_loops_1,ps2_12:memory4.loopSound (exact),
sounds/Collectibles/music_collectibles_loops/music1/music1_collectible_appear_1_SPA_UOS.m4a,_music_collectibles_loops_1,ps2_11b:collectible1.introSound (exact);ps2_12:memory1.introSound (exact);ps2_1:memory1.introSound (exact),
sounds/Collectibles/music_collectibles_loops/music1/music1_collectible_appear_2_SPA_UOS.m4a,_music_collectibles_loops_1,ps2_12:memory2.introSound (exact);ps2_1:memory2.introSound (exact),
sounds/Collectibles/music_collectibles_loops/music1/music1_collectible_appear_3_SPA_UOS.m4a,_music_collectibles_loops_1,ps2_12:memory3.introSound (exact);ps2_1:memory3.introSound (exact),
sounds/Collectibles/music_collectibles_loops/music1/music1_collectible_appear_4_SPA_UOS.m4a,_music_collectibles_loops_1,ps2_12:memory4.introSound (exact),
sounds/Collectibles/music_collectibles_loops/music2/music2_collected_1_UOS.m4a,_music_collectibles_loops_2,ps2_11b:collectible2.collectSound (exact);ps2_2:memory1.collectSound (exact),
sounds/Collectibles/music_collectibles_loops/music2/music2_collected_2_UOS.m4a,_music_collectibles_loops_2,ps2_2:memory2.collectSound (exact),
sounds/Collectibles/music_collectibles_loops/music2/music2_collected_3_UOS.m4a,_music_collectibles_loops_2,ps2_2:memory3.collectSound (exact),
sounds/Collectibles/music_collectibles_loops/music2/music2_collectible_1_SPA_UOS.m4a,_music_collectibles_loops_2,ps2_11b:collectible2.loopSound (exact);ps2_2:memory1.loopSound (exact),
sounds/Collectibles/music_collectibles_loops/music2/music2_collectible_2_SPA_UOS.m4a,_music_collectibles_loops_2,ps2_2:memory2.loopSound (exact),
sounds/Collectibles/music_collectibles_loops/music2/music2_collectible_3_SPA_UOS.m4a,_music_collectibles_loops_2,ps2_2:memory3.loopSound (exact),
sounds/Collectibles/music_collectibles_loops/music2/music2_collectible_4_SPA_UOS.m4a,_music_collectibles_loops_2,,
sounds/Collectibles/music_collectibles_loops/music2/music2_collectible_appear_1_SPA_UOS.m4a,_music_collectibles_loops_2,ps2_11b:collectible2.introSound (exact);ps2_2:memory1.introSound (exact),
sounds/Collectibles/music_collectibles_loops/music2/music2_collectible_appear_2_SPA_UOS.m4a,_music_collectibles_loops_2,ps2_2:memory2.introSound (exact),
sounds/Collectibles/music_collectibles_loops/music2/music2_collectible_appear_3_SPA_UOS.m4a,_music_collectibles_loops_2,ps2_2:memory3.introSound (exact),
sounds/Collectibles/music_collectibles_loops/music2/music2_collectible_appear_4_SPA_UOS.m4a,_music_collectibles_loops_2,,
sounds/Collectibles/music_collectibles_loops/music2_UW/music2_collectible_1_UW_SPA_UOS.m4a,_music_collectibles_loops_2_UW,ps2_13:memory1.loopSound (exact);ps2_13:memory5.loopSound (exact),
sounds/Collectibles/music_collectibles_loops/music2_UW/music2_collectible_2_UW_SPA_UOS.m4a,_music_collectibles_loops_2_UW,ps2_13:memory2.loopSound (exact),
sounds/Collectibles/music_collectibles_loops/music2_UW/music2_collectible_3_UW_SPA_UOS.m4a,_music_collectibles_loops_2_UW,ps2_13:memory3.loopSound (exact),
sounds/Collectibles/music_collectibles_loops/music2_UW/music2_collectible_4_UW_SPA_UOS.m4a,_music_collectibles_loops_2_UW,ps2_13:memory4.loopSound (exact),
sounds/Collectibles/music_collectibles_loops/music2_UW/music2_collectible_appear_1_UW_SPA_UOS.m4a,_music_collectibles_loops_2_UW,ps2_13:memory1.introSound (exact);ps2_13:memory5.introSound (exact),
sounds/Collectibles/music_collectibles_loops/music2_UW/music2_collectible_appear_2_UW_SPA_UOS.m4a,_music_collectibles_loops_2_UW,ps2_13:memory2.introSound (exact),
sounds/Collectibles/music_collectibles_loops/music2_UW/music2_collectible_appear_3_UW_SPA_UOS.m4a,_music_collectibles_loops_2_UW,ps2_13:memory3.introSound (exact),
sounds/Collectibles/music_collectibles_loops/music2_UW/music2_collectible_appear_4_UW_SPA_UOS.m4a,_music_collectibles_loops_2_UW,ps2_13:memory4.introSound (exact),
sounds/Collectibles/music_collectibles_loops/music2_UW/music2_destroyed_1_UW_UOS.m4a,_music_collectibles_loops_2_UW,ps2_13:memory1.collectSound (exact);ps2_13:memory5.collectSound (exact),
sounds/Collectibles/music_collectibles_loops/music2_UW/music2_destroyed_2_UW_UOS.m4a,_music_collectibles_loops_2_UW,ps2_13:memory2.collectSound (exact),
sounds/Collectibles/music_collectibles_loops/music2_UW/music2_destroyed_3_UW_UOS.m4a,_music_collectibles_loops_2_UW,ps2_13:memory3.collectSound (exact),
sounds/Collectibles/music_collectibles_loops/music2_UW/music2_destroyed_4_UW_UOS.m4a,_music_collectibles_loops_2_UW,ps2_13:memory4.collectSound (exact),
sounds/Collectibles/music_collectibles_loops/music3/music3_collectible_1_SPA_UOS.m4a,_music_collectibles_loops_3,ps2_11b:collectible3.loopSound (exact);ps2_14:memory1.loopSound (exact);ps2_3:memory1.loopSound (exact),
sounds/Collectibles/music_collectibles_loops/music3/music3_collectible_2_SPA_UOS.m4a,_music_collectibles_loops_3,ps2_14:memory2.loopSound (exact);ps2_3:memory2.loopSound (exact),
sounds/Collectibles/music_collectibles_loops/music3/music3_collectible_3_SPA_UOS.m4a,_music_collectibles_loops_3,ps2_14:memory3.loopSound (exact);ps2_3:memory3.loopSound (exact),
sounds/Collectibles/music_collectibles_loops/music3/music3_collectible_4_SPA_UOS.m4a,_music_collectibles_loops_3,ps2_14:memory4.soundList (exact);ps2_14:memory5.loopSound (exact),
sounds/Collectibles/music_collectibles_loops/music3/music3_collectible_appear_1_SPA_UOS.m4a,_music_collectibles_loops_3,ps2_11b:collectible3.introSound (exact);ps2_14:memory1.introSound (exact);ps2_3:memory1.introSound (exact),
sounds/Collectibles/music_collectibles_loops/music3/music3_collectible_appear_2_SPA_UOS.m4a,_music_collectibles_loops_3,ps2_14:memory2.introSound (exact);ps2_3:memory2.introSound (exact),
sounds/Collectibles/music_collectibles_loops/music3/music3_collectible_appear_3_SPA_UOS.m4a,_music_collectibles_loops_3,ps2_14:memory3.introSound (exact);ps2_3:memory3.introSound (exact),
sounds/Collectibles/music_collectibles_loops/music3/music3_collectible_appear_4_SPA_UOS.m4a,_music_collectibles_loops_3,,
sounds/Collectibles/music_collectibles_loops/music4/music4_collectible_1_SPA_UOS.m4a,_music_collectibles_loops_4,ps2_11b:collectible4.loopSound (exact);ps2_4:memory1.loopSound (exact),
sounds/Collectibles/music_collectibles_loops/music4/music4_collectible_2_SPA_UOS.m4a,_music_collectibles_loops_4,ps2_4:memory2.loopSound (exact),
sounds/Collectibles/music_collectibles_loops/music4/music4_collectible_3_SPA_UOS.m4a,_music_collectibles_loops_4,ps2_4:memory3.loopSound (exact),
sounds/Collectibles/music_collectibles_loops/music4/music4_collectible_4_SPA_UOS.m4a,_music_collectibles_loops_4,ps2_4:memory4.loopSound (exact),
sounds/Collectibles/music_collectibles_loops/music4/music4_collectible_appear_1_SPA_UOS.m4a,_music_collectibles_loops_4,ps2_11b:collectible4.introSound (exact);ps2_4:memory1.introSound (exact),
sounds/Collectibles/music_collectibles_loops/music4/music4_collectible_appear_2_SPA_UOS.m4a,_music_collectibles_loops_4,ps2_4:memory2.introSound (exact),
sounds/Collectibles/music_collectibles_loops/music4/music4_collectible_appear_3_SPA_UOS.m4a,_music_collectibles_loops_4,ps2_4:memory3.introSound (exact),
sounds/Collectibles/music_collectibles_loops/music4/music4_collectible_appear_4_SPA_UOS.m4a,_music_collectibles_loops_4,ps2_4:memory4.introSound (exact),
sounds/Collectibles/music_collectibles_loops/music5/music5_collectible_1_SPA_UOS.m4a,_music_collectibles_loops_5,ps2_11b:collectible5.loopSound (exact);ps2_16:memory1.loopSound (exact);ps2_5:memory1.loopSound (exact),
sounds/Collectibles/music_collectibles_loops/music5/music5_collectible_2_SPA_UOS.m4a,_music_collectibles_loops_5,ps2_16:memory2.loopSound (exact);ps2_5:memory2.loopSound (exact),
sounds/Collectibles/music_collectibles_loops/music5/music5_collectible_3_SPA_UOS.m4a,_music_collectibles_loops_5,ps2_16:memory3.loopSound (exact);ps2_5:memory3.loopSound (exact),
sounds/Collectibles/music_collectibles_loops/music5/music5_collectible_4_SPA_UOS.m4a,_music_collectibles_loops_5,ps2_16:memory4.loopSound (exact);ps2_5:memory4.loopSound (exact),
sounds/Collectibles/music_collectibles_loops/music5/music5_collectible_appear_1_SPA_UOS.m4a,_music_collectibles_loops_5,ps2_11b:collectible5.introSound (exact);ps2_16:memory1.introSound (exact);ps2_5:memory1.introSound (exact),
sounds/Collectibles/music_collectibles_loops/music5/music5_collectible_appear_2_SPA_UOS.m4a,_music_collectibles_loops_5,ps2_16:memory2.introSound (exact);ps2_5:memory2.introSound (exact),
sounds/Collectibles/music_collectibles_loops/music5/music5_collectible_appear_3_SPA_UOS.m4a,_music_collectibles_loops_5,ps2_16:memory3.introSound (exact);ps2_5:memory3.introSound (exact),
sounds/Collectibles/music_collectibles_loops/music5/music5_collectible_appear_4_SPA_UOS.m4a,_music_collectibles_loops_5,ps2_16:memory4.introSound (exact);ps2_5:memory4.introSound (exact),
sounds/Collectibles/music_collectibles_loops/theme/theme_collectible_1_SPA_UOS.m4a,_music_collectibles_loops_theme,ps2_18:memory1.loopSound (exact);ps2_Intro:memory1.loopSound (exact),
sounds/Collectibles/music_collectibles_loops/theme/theme_collectible_2_SPA_UOS.m4a,_music_collectibles_loops_theme,ps2_18:memory2.loopSound (exact);ps2_Intro:memory2.loopSound (exact),
sounds/Collectibles/music_collectibles_loops/theme/theme_collectible_3_SPA_UOS.m4a,_music_collectibles_loops_theme,ps2_18:memory3.loopSound (exact);ps2_Intro:memory3.loopSound (exact),
sounds/Collectibles/music_collectibles_loops/theme/theme_collectible_4_SPA_UOS.m4a,_music_collectibles_loops_theme,ps2_Intro:memory4.loopSound (exact),
sounds/Collectibles/music_collectibles_loops/theme/theme_collectible_5_SPA_UOS.m4a,_music_collectibles_loops_theme,ps2_Intro:memory5.loopSound (exact),
sounds/Collectibles/music_collectibles_loops/theme/theme_collectible_appear_1_SPA_UOS.m4a,_music_collectibles_loops_theme,ps2_18:memory1.introSound (exact);ps2_Intro:memory1.introSound (exact),
sounds/Collectibles/music_collectibles_loops/theme/theme_collectible_appear_2_SPA_UOS.m4a,_music_collectibles_loops_theme,ps2_18:memory2.introSound (exact);ps2_Intro:memory2.introSound (exact),
sounds/Collectibles/music_collectibles_loops/theme/theme_collectible_appear_3_SPA_UOS.m4a,_music_collectibles_loops_theme,ps2_18:memory3.introSound (exact);ps2_Intro:memory3.introSound (exact),
sounds/Collectibles/music_collectibles_loops/theme/theme_collectible_appear_4_SPA_UOS.m4a,_music_collectibles_loops_theme,ps2_Intro:memory4.introSound (exact),
sounds/Collectibles/music_collectibles_loops/theme/theme_collectible_appear_5_SPA_UOS.m4a,_music_collectibles_loops_theme,ps2_Intro:memory5.introSound (exact),
sounds/Enemies/Hog_Papa1/monster_hog1_aware_SPA.m4a,_hog_Papa1,,factory:hog1.awareSound
sounds/Enemies/Hog_Papa1/monster_hog1_chase_SPA.m4a,_hog_Papa1,,factory:hog1.chaseSound
sounds/Enemies/Hog_Papa1/monster_hog1_notthere_SPA.m4a,_hog_Papa1,,factory:hog1.notThereSound
sounds/Enemies/Hog_Papa1/monster_hog1_patrol_SPA.m4a,_hog_Papa1,,
sounds/Enemies/Hog_Papa1/monster_hog1_still_SPA.m4a,_hog_Papa1,,factory:hog1.defaultSound
sounds/Enemies/duck/6_duck_loop_SPA.mp3,_duck,ps2_12:evil_duck1a.patrolSound (exact);ps2_12:evil_duck1a.stillSound (exact);ps2_6:duck1.patrolSound (exact);ps2_6:duck1.stillSound (exact);ps2_6:duck2.patrolSound (exact);ps2_6:duck2.stillSound (exact);ps2_6:duck3.patrolSound (exact);ps2_6:duck3.stillSound (exact);ps2_6:duck4.patrolSound (exact);ps2_6:duck4.stillSound (exact);ps2_6:duck5.chaseSound (exact);ps2_6:duck5.stillSound (exact);ps2_6:duck6.chaseSound (exact);ps2_6:duck6.stillSound (exact);ps2_6:duck7.patrolSound (exact);ps2_6:duck7.stillSound (exact),
sounds/Enemies/duck/6_duck_patrol_SPA.m4a,_duck,ps2_12:evil_duck12.patrolSound (exact);ps2_12:evil_duck20.patrolSound (exact);ps2_12:evil_duck21.patrolSound (exact);ps2_12:evil_duck23.patrolSound (exact);ps2_12:evil_duck4.patrolSound (exact);ps2_12:evil_duck9.patrolSound (exact);ps2_6:duck5.patrolSound (exact);ps2_6:duck6.patrolSound (exact),
sounds/Enemies/duck/duck_hit_SPA_a.m4a,_duck,ps2_12:evil_duck1.shotSound (prefix x3 (random));ps2_12:evil_duck1a.shotSound (prefix x3 (random));ps2_12:evil_duck2a.shotSound (prefix x3 (random));ps2_6:duck1.shotSound (prefix x3 (random));ps2_6:duck2.shotSound (prefix x3 (random));ps2_6:duck3.shotSound (prefix x3 (random));ps2_6:duck4.shotSound (prefix x3 (random));ps2_6:duck5.shotSound (prefix x3 (random));ps2_6:duck6.shotSound (prefix x3 (random));ps2_6:duck7.shotSound (prefix x3 (random)),
sounds/Enemies/duck/duck_hit_SPA_b.m4a,_duck,ps2_12:evil_duck1.shotSound (prefix x3 (random));ps2_12:evil_duck1a.shotSound (prefix x3 (random));ps2_12:evil_duck2a.shotSound (prefix x3 (random));ps2_6:duck1.shotSound (prefix x3 (random));ps2_6:duck2.shotSound (prefix x3 (random));ps2_6:duck3.shotSound (prefix x3 (random));ps2_6:duck4.shotSound (prefix x3 (random));ps2_6:duck5.shotSound (prefix x3 (random));ps2_6:duck6.shotSound (prefix x3 (random));ps2_6:duck7.shotSound (prefix x3 (random)),
sounds/Enemies/duck/duck_hit_SPA_c.m4a,_duck,ps2_12:evil_duck1.shotSound (prefix x3 (random));ps2_12:evil_duck1a.shotSound (prefix x3 (random));ps2_12:evil_duck2a.shotSound (prefix x3 (random));ps2_6:duck1.shotSound (prefix x3 (random));ps2_6:duck2.shotSound (prefix x3 (random));ps2_6:duck3.shotSound (prefix x3 (random));ps2_6:duck4.shotSound (prefix x3 (random));ps2_6:duck5.shotSound (prefix x3 (random));ps2_6:duck6.shotSound (prefix x3 (random));ps2_6:duck7.shotSound (prefix x3 (random)),
sounds/Enemies/duck2/6_duck2_loop_SPA.mp3,_duck2,ps2_12:evil_duck2a.stillSound (exact),
sounds/Enemies/duck2/6_duck2_patrol_SPA.m4a,_duck2,ps2_12:evil_duck10.patrolSound (exact);ps2_12:evil_duck19.patrolSound (exact);ps2_12:evil_duck22.patrolSound (exact);ps2_12:evil_duck5.patrolSound (exact);ps2_12:evil_duck6.patrolSound (exact),
sounds/Enemies/duck3/6_duck3_loop_SPA.mp3,_duck3,,
sounds/Enemies/duck3/6_duck3_patrol_SPA.m4a,_duck3,,
sounds/Enemies/evil_duck/6_duck_attack_SPA.m4a,_evil_duck;_evil_duck_light,ps2_12:evil_duck12.chaseSound (exact);ps2_12:evil_duck1a.chaseSound (exact);ps2_12:evil_duck20.chaseSound (exact);ps2_12:evil_duck21.chaseSound (exact);ps2_12:evil_duck23.chaseSound (exact);ps2_12:evil_duck3.chaseSound (exact);ps2_12:evil_duck4.chaseSound (exact);ps2_12:evil_duck9.chaseSound (exact);ps2_17:evil_duck3.chaseSound (exact);ps2_17:evil_duck4.chaseSound (exact);ps2_17:evil_duck5.chaseSound (exact);ps2_17:evil_duck6.chaseSound (exact);ps2_17:evil_duck7.chaseSound (exact);ps2_18:2_evil_duck1.chaseSound (exact);ps2_18:2_evil_duck4.chaseSound (exact);ps2_18:3_evil_duck1.chaseSound (exact);ps2_18:3_evil_duck3.chaseSound (exact);ps2_18:3_evil_duck4.chaseSound (exact);ps2_18:4_evil_duck1.chaseSound (exact);ps2_18:4_evil_duck3.chaseSound (exact);ps2_18:4_evil_duck4.chaseSound (exact);ps2_18:evil_duck1.chaseSound (exact);ps2_18:evil_duck3.chaseSound (exact);ps2_18:evil_duck4.chaseSound (exact);ps2_6:evil_duck1.chaseSound (exact);ps2_6:evil_duck1.patrolSound (exact);ps2_6:evil_duck1.stillSound (exact);ps2_6:evil_duck10.chaseSound (exact);ps2_6:evil_duck10.patrolSound (exact);ps2_6:evil_duck10.stillSound (exact);ps2_6:evil_duck14.chaseSound (exact);ps2_6:evil_duck14.patrolSound (exact);ps2_6:evil_duck14.stillSound (exact);ps2_6:evil_duck2.chaseSound (exact);ps2_6:evil_duck2.patrolSound (exact);ps2_6:evil_duck2.stillSound (exact);ps2_6:evil_duck3.chaseSound (exact);ps2_6:evil_duck3.patrolSound (exact);ps2_6:evil_duck3.stillSound (exact);ps2_6:evil_duck4.chaseSound (exact);ps2_6:evil_duck4.patrolSound (exact);ps2_6:evil_duck4.stillSound (exact);ps2_6:evil_duck5.chaseSound (exact);ps2_6:evil_duck5.patrolSound (exact);ps2_6:evil_duck5.stillSound (exact);ps2_6:evil_duck7.chaseSound (exact);ps2_6:evil_duck7.patrolSound (exact);ps2_6:evil_duck7.stillSound (exact),
sounds/Enemies/evil_duck/duck_appear_SPA.m4a,_evil_duck;_evil_duck_light,ps2_12:evil_duck1.introSound (exact);ps2_12:evil_duck12.introSound (exact);ps2_12:evil_duck1a.introSound (exact);ps2_12:evil_duck20.introSound (exact);ps2_12:evil_duck21.introSound (exact);ps2_12:evil_duck23.introSound (exact);ps2_12:evil_duck4.introSound (exact);ps2_12:evil_duck9.introSound (exact);ps2_17:evil_duck3.introSound (exact);ps2_17:evil_duck4.introSound (exact);ps2_17:evil_duck5.introSound (exact);ps2_17:evil_duck6.introSound (exact);ps2_17:evil_duck7.introSound (exact);ps2_18:2_evil_duck1.introSound (exact);ps2_18:2_evil_duck4.introSound (exact);ps2_18:3_evil_duck1.introSound (exact);ps2_18:3_evil_duck4.introSound (exact);ps2_18:4_evil_duck1.introSound (exact);ps2_18:4_evil_duck4.introSound (exact);ps2_18:evil_duck1.introSound (exact);ps2_18:evil_duck4.introSound (exact);ps2_6:duck1.introSound (exact);ps2_6:duck2.introSound (exact);ps2_6:duck3.introSound (exact);ps2_6:duck4.introSound (exact);ps2_6:duck5.introSound (exact);ps2_6:duck6.introSound (exact);ps2_6:duck7.introSound (exact);ps2_6:evil_duck1.introSound (exact);ps2_6:evil_duck10.introSound (exact);ps2_6:evil_duck14.introSound (exact);ps2_6:evil_duck2.introSound (exact);ps2_6:evil_duck3.introSound (exact);ps2_6:evil_duck4.introSound (exact);ps2_6:evil_duck5.introSound (exact);ps2_6:evil_duck7.introSound (exact),
sounds/Enemies/evil_duck/duck_death_UOS.m4a,_evil_duck;_evil_duck_light,ps2_12:fail_sound.soundList (prefix);ps2_17:fail_sound.soundList (prefix);ps2_18:fail_duck_sound.soundList (prefix);ps2_6:fail_sound.soundList (prefix),
sounds/Enemies/evil_duck/evil_duck_hit_SPA_a.m4a,_evil_duck;_evil_duck_light,ps2_12:evil_duck12.shotSound (prefix x3 (random));ps2_12:evil_duck20.shotSound (prefix x3 (random));ps2_12:evil_duck21.shotSound (prefix x3 (random));ps2_12:evil_duck23.shotSound (prefix x3 (random));ps2_12:evil_duck3.shotSound (prefix x3 (random));ps2_12:evil_duck4.shotSound (prefix x3 (random));ps2_12:evil_duck9.shotSound (prefix x3 (random));ps2_17:evil_duck3.shotSound (prefix x3 (random));ps2_17:evil_duck4.shotSound (prefix x3 (random));ps2_17:evil_duck5.shotSound (prefix x3 (random));ps2_17:evil_duck6.shotSound (prefix x3 (random));ps2_17:evil_duck7.shotSound (prefix x3 (random));ps2_18:2_evil_duck1.shotSound (prefix x3 (random));ps2_18:2_evil_duck4.shotSound (prefix x3 (random));ps2_18:3_evil_duck1.shotSound (prefix x3 (random));ps2_18:3_evil_duck3.shotSound (prefix x3 (random));ps2_18:3_evil_duck4.shotSound (prefix x3 (random));ps2_18:4_evil_duck1.shotSound (prefix x3 (random));ps2_18:4_evil_duck3.shotSound (prefix x3 (random));ps2_18:4_evil_duck4.shotSound (prefix x3 (random));ps2_18:evil_duck1.shotSound (prefix x3 (random));ps2_18:evil_duck3.shotSound (prefix x3 (random));ps2_18:evil_duck4.shotSound (prefix x3 (random));ps2_6:evil_duck1.shotSound (prefix x3 (random));ps2_6:evil_duck10.shotSound (prefix x3 (random));ps2_6:evil_duck14.shotSound (prefix x3 (random));ps2_6:evil_duck2.shotSound (prefix x3 (random));ps2_6:evil_duck3.shotSound (prefix x3 (random));ps2_6:evil_duck4.shotSound (prefix x3 (random));ps2_6:evil_duck5.shotSound (prefix x3 (random));ps2_6:evil_duck7.shotSound (prefix x3 (random)),
sounds/Enemies/evil_duck/evil_duck_hit_SPA_b.m4a,_evil_duck;_evil_duck_light,ps2_12:evil_duck12.shotSound (prefix x3 (random));ps2_12:evil_duck20.shotSound (prefix x3 (random));ps2_12:evil_duck21.shotSound (prefix x3 (random));ps2_12:evil_duck23.shotSound (prefix x3 (random));ps2_12:evil_duck3.shotSound (prefix x3 (random));ps2_12:evil_duck4.shotSound (prefix x3 (random));ps2_12:evil_duck9.shotSound (prefix x3 (random));ps2_17:evil_duck3.shotSound (prefix x3 (random));ps2_17:evil_duck4.shotSound (prefix x3 (random));ps2_17:evil_duck5.shotSound (prefix x3 (random));ps2_17:evil_duck6.shotSound (prefix x3 (random));ps2_17:evil_duck7.shotSound (prefix x3 (random));ps2_18:2_evil_duck1.shotSound (prefix x3 (random));ps2_18:2_evil_duck4.shotSound (prefix x3 (random));ps2_18:3_evil_duck1.shotSound (prefix x3 (random));ps2_18:3_evil_duck3.shotSound (prefix x3 (random));ps2_18:3_evil_duck4.shotSound (prefix x3 (random));ps2_18:4_evil_duck1.shotSound (prefix x3 (random));ps2_18:4_evil_duck3.shotSound (prefix x3 (random));ps2_18:4_evil_duck4.shotSound (prefix x3 (random));ps2_18:evil_duck1.shotSound (prefix x3 (random));ps2_18:evil_duck3.shotSound (prefix x3 (random));ps2_18:evil_duck4.shotSound (prefix x3 (random));ps2_6:evil_duck1.shotSound (prefix x3 (random));ps2_6:evil_duck10.shotSound (prefix x3 (random));ps2_6:evil_duck14.shotSound (prefix x3 (random));ps2_6:evil_duck2.shotSound (prefix x3 (random));ps2_6:evil_duck3.shotSound (prefix x3 (random));ps2_6:evil_duck4.shotSound (prefix x3 (random));ps2_6:evil_duck5.shotSound (prefix x3 (random));ps2_6:evil_duck7.shotSound (prefix x3 (random)),
sounds/Enemies/evil_duck/evil_duck_hit_SPA_c.m4a,_evil_duck;_evil_duck_light,ps2_12:evil_duck12.shotSound (prefix x3 (random));ps2_12:evil_duck20.shotSound (prefix x3 (random));ps2_12:evil_duck21.shotSound (prefix x3 (random));ps2_12:evil_duck23.shotSound (prefix x3 (random));ps2_12:evil_duck3.shotSound (prefix x3 (random));ps2_12:evil_duck4.shotSound (prefix x3 (random));ps2_12:evil_duck9.shotSound (prefix x3 (random));ps2_17:evil_duck3.shotSound (prefix x3 (random));ps2_17:evil_duck4.shotSound (prefix x3 (random));ps2_17:evil_duck5.shotSound (prefix x3 (random));ps2_17:evil_duck6.shotSound (prefix x3 (random));ps2_17:evil_duck7.shotSound (prefix x3 (random));ps2_18:2_evil_duck1.shotSound (prefix x3 (random));ps2_18:2_evil_duck4.shotSound (prefix x3 (random));ps2_18:3_evil_duck1.shotSound (prefix x3 (random));ps2_18:3_evil_duck3.shotSound (prefix x3 (random));ps2_18:3_evil_duck4.shotSound (prefix x3 (random));ps2_18:4_evil_duck1.shotSound (prefix x3 (random));ps2_18:4_evil_duck3.shotSound (prefix x3 (random));ps2_18:4_evil_duck4.shotSound (prefix x3 (random));ps2_18:evil_duck1.shotSound (prefix x3 (random));ps2_18:evil_duck3.shotSound (prefix x3 (random));ps2_18:evil_duck4.shotSound (prefix x3 (random));ps2_6:evil_duck1.shotSound (prefix x3 (random));ps2_6:evil_duck10.shotSound (prefix x3 (random));ps2_6:evil_duck14.shotSound (prefix x3 (random));ps2_6:evil_duck2.shotSound (prefix x3 (random));ps2_6:evil_duck3.shotSound (prefix x3 (random));ps2_6:evil_duck4.shotSound (prefix x3 (random));ps2_6:evil_duck5.shotSound (prefix x3 (random));ps2_6:evil_duck7.shotSound (prefix x3 (random)),
sounds/Enemies/evil_duck2/6_duck2_attack_SPA.m4a,_evil_duck2;_evil_duck2_light,ps2_12:evil_duck10.chaseSound (exact);ps2_12:evil_duck14.chaseSound (exact);ps2_12:evil_duck16.chaseSound (exact);ps2_12:evil_duck19.chaseSound (exact);ps2_12:evil_duck22.chaseSound (exact);ps2_12:evil_duck2a.chaseSound (exact);ps2_12:evil_duck5.chaseSound (exact);ps2_12:evil_duck6.chaseSound (exact);ps2_18:2_evil_duck2.chaseSound (exact);ps2_18:2_evil_duck3.chaseSound (exact);ps2_18:3_evil_duck2.chaseSound (exact);ps2_18:3_evil_duck5.chaseSound (exact);ps2_18:4_evil_duck2.chaseSound (exact);ps2_18:4_evil_duck5.chaseSound (exact);ps2_18:evil_duck2.chaseSound (exact);ps2_18:evil_duck5.chaseSound (exact);ps2_6:evil_duck13.chaseSound (exact);ps2_6:evil_duck13.patrolSound (exact);ps2_6:evil_duck13.stillSound (exact);ps2_6:evil_duck6.chaseSound (exact);ps2_6:evil_duck6.patrolSound (exact);ps2_6:evil_duck6.stillSound (exact);ps2_6:evil_duck8.chaseSound (exact);ps2_6:evil_duck8.patrolSound (exact);ps2_6:evil_duck8.stillSound (exact),
sounds/Enemies/evil_duck2/duck2_appear_SPA.m4a,_evil_duck2;_evil_duck2_light,ps2_12:evil_duck10.introSound (exact);ps2_12:evil_duck14.introSound (exact);ps2_12:evil_duck16.introSound (exact);ps2_12:evil_duck19.introSound (exact);ps2_12:evil_duck22.introSound (exact);ps2_12:evil_duck2a.introSound (exact);ps2_12:evil_duck3.introSound (exact);ps2_12:evil_duck5.introSound (exact);ps2_12:evil_duck6.introSound (exact);ps2_18:2_evil_duck2.introSound (exact);ps2_18:3_evil_duck2.introSound (exact);ps2_18:3_evil_duck3.introSound (exact);ps2_18:3_evil_duck5.introSound (exact);ps2_18:4_evil_duck2.introSound (exact);ps2_18:4_evil_duck3.introSound (exact);ps2_18:4_evil_duck5.introSound (exact);ps2_18:evil_duck2.introSound (exact);ps2_18:evil_duck3.introSound (exact);ps2_18:evil_duck5.introSound (exact);ps2_6:evil_duck13.introSound (exact);ps2_6:evil_duck6.introSound (exact);ps2_6:evil_duck8.introSound (exact),
sounds/Enemies/evil_duck2/evil_duck2_hit_SPA_a.m4a,_evil_duck2;_evil_duck2_light,ps2_12:evil_duck10.shotSound (prefix x3 (random));ps2_12:evil_duck14.shotSound (prefix x3 (random));ps2_12:evil_duck16.shotSound (prefix x3 (random));ps2_12:evil_duck19.shotSound (prefix x3 (random));ps2_12:evil_duck22.shotSound (prefix x3 (random));ps2_12:evil_duck5.shotSound (prefix x3 (random));ps2_12:evil_duck6.shotSound (prefix x3 (random));ps2_18:2_evil_duck2.shotSound (prefix x3 (random));ps2_18:2_evil_duck3.shotSound (prefix x3 (random));ps2_18:3_evil_duck2.shotSound (prefix x3 (random));ps2_18:3_evil_duck5.shotSound (prefix x3 (random));ps2_18:4_evil_duck2.shotSound (prefix x3 (random));ps2_18:4_evil_duck5.shotSound (prefix x3 (random));ps2_18:evil_duck2.shotSound (prefix x3 (random));ps2_18:evil_duck5.shotSound (prefix x3 (random));ps2_6:evil_duck13.shotSound (prefix x3 (random));ps2_6:evil_duck6.shotSound (prefix x3 (random));ps2_6:evil_duck8.shotSound (prefix x3 (random)),
sounds/Enemies/evil_duck2/evil_duck2_hit_SPA_b.m4a,_evil_duck2;_evil_duck2_light,ps2_12:evil_duck10.shotSound (prefix x3 (random));ps2_12:evil_duck14.shotSound (prefix x3 (random));ps2_12:evil_duck16.shotSound (prefix x3 (random));ps2_12:evil_duck19.shotSound (prefix x3 (random));ps2_12:evil_duck22.shotSound (prefix x3 (random));ps2_12:evil_duck5.shotSound (prefix x3 (random));ps2_12:evil_duck6.shotSound (prefix x3 (random));ps2_18:2_evil_duck2.shotSound (prefix x3 (random));ps2_18:2_evil_duck3.shotSound (prefix x3 (random));ps2_18:3_evil_duck2.shotSound (prefix x3 (random));ps2_18:3_evil_duck5.shotSound (prefix x3 (random));ps2_18:4_evil_duck2.shotSound (prefix x3 (random));ps2_18:4_evil_duck5.shotSound (prefix x3 (random));ps2_18:evil_duck2.shotSound (prefix x3 (random));ps2_18:evil_duck5.shotSound (prefix x3 (random));ps2_6:evil_duck13.shotSound (prefix x3 (random));ps2_6:evil_duck6.shotSound (prefix x3 (random));ps2_6:evil_duck8.shotSound (prefix x3 (random)),
sounds/Enemies/evil_duck2/evil_duck2_hit_SPA_c.m4a,_evil_duck2;_evil_duck2_light,ps2_12:evil_duck10.shotSound (prefix x3 (random));ps2_12:evil_duck14.shotSound (prefix x3 (random));ps2_12:evil_duck16.shotSound (prefix x3 (random));ps2_12:evil_duck19.shotSound (prefix x3 (random));ps2_12:evil_duck22.shotSound (prefix x3 (random));ps2_12:evil_duck5.shotSound (prefix x3 (random));ps2_12:evil_duck6.shotSound (prefix x3 (random));ps2_18:2_evil_duck2.shotSound (prefix x3 (random));ps2_18:2_evil_duck3.shotSound (prefix x3 (random));ps2_18:3_evil_duck2.shotSound (prefix x3 (random));ps2_18:3_evil_duck5.shotSound (prefix x3 (random));ps2_18:4_evil_duck2.shotSound (prefix x3 (random));ps2_18:4_evil_duck5.shotSound (prefix x3 (random));ps2_18:evil_duck2.shotSound (prefix x3 (random));ps2_18:evil_duck5.shotSound (prefix x3 (random));ps2_6:evil_duck13.shotSound (prefix x3 (random));ps2_6:evil_duck6.shotSound (prefix x3 (random));ps2_6:evil_duck8.shotSound (prefix x3 (random)),
sounds/Enemies/evil_duck3/6_duck3_attack_SPA.m4a,_evil_duck3;_evil_duck3_light,ps2_12:evil_duck1.chaseSound (exact);ps2_12:evil_duck11.chaseSound (exact);ps2_12:evil_duck13.chaseSound (exact);ps2_12:evil_duck15.chaseSound (exact);ps2_12:evil_duck17.chaseSound (exact);ps2_12:evil_duck18.chaseSound (exact);ps2_12:evil_duck7.chaseSound (exact);ps2_12:evil_duck8.chaseSound (exact);ps2_6:evil_duck11.chaseSound (exact);ps2_6:evil_duck11.patrolSound (exact);ps2_6:evil_duck11.stillSound (exact);ps2_6:evil_duck12.chaseSound (exact);ps2_6:evil_duck12.patrolSound (exact);ps2_6:evil_duck12.stillSound (exact);ps2_6:evil_duck9.chaseSound (exact);ps2_6:evil_duck9.patrolSound (exact);ps2_6:evil_duck9.stillSound (exact),
sounds/Enemies/evil_duck3/duck3_appear_SPA.m4a,_evil_duck3;_evil_duck3_light,ps2_12:evil_duck11.introSound (exact);ps2_12:evil_duck13.introSound (exact);ps2_12:evil_duck15.introSound (exact);ps2_12:evil_duck17.introSound (exact);ps2_12:evil_duck18.introSound (exact);ps2_12:evil_duck7.introSound (exact);ps2_12:evil_duck8.introSound (exact);ps2_6:evil_duck11.introSound (exact);ps2_6:evil_duck12.introSound (exact);ps2_6:evil_duck9.introSound (exact),
sounds/Enemies/evil_duck3/evil_duck3_hit_SPA_a.m4a,_evil_duck3;_evil_duck3_light,ps2_12:evil_duck11.shotSound (prefix x3 (random));ps2_12:evil_duck13.shotSound (prefix x3 (random));ps2_12:evil_duck15.shotSound (prefix x3 (random));ps2_12:evil_duck17.shotSound (prefix x3 (random));ps2_12:evil_duck18.shotSound (prefix x3 (random));ps2_12:evil_duck7.shotSound (prefix x3 (random));ps2_12:evil_duck8.shotSound (prefix x3 (random));ps2_6:evil_duck11.shotSound (prefix x3 (random));ps2_6:evil_duck12.shotSound (prefix x3 (random));ps2_6:evil_duck9.shotSound (prefix x3 (random)),
sounds/Enemies/evil_duck3/evil_duck3_hit_SPA_b.m4a,_evil_duck3;_evil_duck3_light,ps2_12:evil_duck11.shotSound (prefix x3 (random));ps2_12:evil_duck13.shotSound (prefix x3 (random));ps2_12:evil_duck15.shotSound (prefix x3 (random));ps2_12:evil_duck17.shotSound (prefix x3 (random));ps2_12:evil_duck18.shotSound (prefix x3 (random));ps2_12:evil_duck7.shotSound (prefix x3 (random));ps2_12:evil_duck8.shotSound (prefix x3 (random));ps2_6:evil_duck11.shotSound (prefix x3 (random));ps2_6:evil_duck12.shotSound (prefix x3 (random));ps2_6:evil_duck9.shotSound (prefix x3 (random)),
sounds/Enemies/evil_duck3/evil_duck3_hit_SPA_c.m4a,_evil_duck3;_evil_duck3_light,ps2_12:evil_duck11.shotSound (prefix x3 (random));ps2_12:evil_duck13.shotSound (prefix x3 (random));ps2_12:evil_duck15.shotSound (prefix x3 (random));ps2_12:evil_duck17.shotSound (prefix x3 (random));ps2_12:evil_duck18.shotSound (prefix x3 (random));ps2_12:evil_duck7.shotSound (prefix x3 (random));ps2_12:evil_duck8.shotSound (prefix x3 (random));ps2_6:evil_duck11.shotSound (prefix x3 (random));ps2_6:evil_duck12.shotSound (prefix x3 (random));ps2_6:evil_duck9.shotSound (prefix x3 (random)),
sounds/Enemies/forgetfulman/forgetfulman_appear_SPA.m4a,_forgetfulman;_forgetfulman_light,ps2_11b:forgetfulman.introSound (exact);ps2_11b:forgetfulman15.introSound (exact);ps2_11b:forgetfulman16.introSound (exact);ps2_11b:forgetfulman23.introSound (exact);ps2_11b:forgetfulman5.introSound (exact);ps2_11b:forgetfulman9.introSound (exact);ps2_11b:forgetfulman_a.introSound (exact);ps2_18:2_forgetfulman.introSound (exact);ps2_18:3_forgetfulman.introSound (exact);ps2_18:3_forgetfulman2.introSound (exact);ps2_18:3_forgetfulman3.introSound (exact);ps2_18:4_forgetfulman.introSound (exact);ps2_18:4_forgetfulman2.introSound (exact);ps2_18:4_forgetfulman3.introSound (exact);ps2_18:forgetfulman.introSound (exact);ps2_18:forgetfulman2.introSound (exact);ps2_18:forgetfulman3.introSound (exact),
sounds/Enemies/forgetfulman/forgetfulman_aware_SPA.m4a,_forgetfulman;_forgetfulman_light,ps2_10:forgetfulman.awareSound (exact);ps2_11b:forgetfulman.awareSound (exact);ps2_11b:forgetfulman15.awareSound (exact);ps2_11b:forgetfulman16.awareSound (exact);ps2_11b:forgetfulman23.awareSound (exact);ps2_11b:forgetfulman5.awareSound (exact);ps2_11b:forgetfulman9.awareSound (exact);ps2_11b:forgetfulman_a.awareSound (exact);ps2_13:shark.awareSound (exact);ps2_18:2_forgetfulman.awareSound (exact);ps2_18:3_forgetfulman.awareSound (exact);ps2_18:3_forgetfulman2.awareSound (exact);ps2_18:3_forgetfulman3.awareSound (exact);ps2_18:4_forgetfulman.awareSound (exact);ps2_18:4_forgetfulman2.awareSound (exact);ps2_18:4_forgetfulman3.awareSound (exact);ps2_18:forgetfulman.awareSound (exact);ps2_18:forgetfulman2.awareSound (exact);ps2_18:forgetfulman3.awareSound (exact),
sounds/Enemies/forgetfulman/forgetfulman_aware_SPA_b.m4a,_forgetfulman,,
sounds/Enemies/forgetfulman/forgetfulman_beatensound_SPA.m4a,_forgetfulman,,
sounds/Enemies/forgetfulman/forgetfulman_chase_SPA.m4a,_forgetfulman;_forgetfulman_light,ps2_10:forgetfulman.chaseSound (exact);ps2_10:forgetfulman.patrolSound (exact);ps2_11b:forgetfulman.chaseSound (exact);ps2_11b:forgetfulman15.chaseSound (exact);ps2_11b:forgetfulman16.chaseSound (exact);ps2_11b:forgetfulman23.chaseSound (exact);ps2_11b:forgetfulman5.chaseSound (exact);ps2_11b:forgetfulman9.chaseSound (exact);ps2_11b:forgetfulman_a.chaseSound (exact);ps2_13:shark.chaseSound (exact);ps2_18:2_forgetfulman.chaseSound (exact);ps2_18:3_forgetfulman.chaseSound (exact);ps2_18:3_forgetfulman2.chaseSound (exact);ps2_18:3_forgetfulman3.chaseSound (exact);ps2_18:4_forgetfulman.chaseSound (exact);ps2_18:4_forgetfulman2.chaseSound (exact);ps2_18:4_forgetfulman3.chaseSound (exact);ps2_18:forgetfulman.chaseSound (exact);ps2_18:forgetfulman2.chaseSound (exact);ps2_18:forgetfulman3.chaseSound (exact),masterclass:monster3.chaseSound
sounds/Enemies/forgetfulman/forgetfulman_death_UOS.m4a,_forgetfulman;_forgetfulman_light,ps2_10:fail_sound.soundList (prefix);ps2_11b:fail_sound.soundList (prefix);ps2_18:fail_forgetfulman_sound.soundList (prefix),
sounds/Enemies/forgetfulman/forgetfulman_notthere_SPA.m4a,_forgetfulman,ps2_13:shark.notThereSound (exact),
sounds/Enemies/forgetfulman/forgetfulman_patrol_SPA.m4a,_forgetfulman,ps2_13:shark.patrolSound (exact),
sounds/Enemies/forgetfulman/forgetfulman_shotsound_SPA.m4a,_forgetfulman;_forgetfulman_light,ps2_11b:forgetfulman.shotSound (exact);ps2_11b:forgetfulman15.shotSound (exact);ps2_11b:forgetfulman16.shotSound (exact);ps2_11b:forgetfulman23.shotSound (exact);ps2_11b:forgetfulman5.shotSound (exact);ps2_11b:forgetfulman9.shotSound (exact);ps2_11b:forgetfulman_a.shotSound (exact);ps2_18:2_forgetfulman.shotSound (exact);ps2_18:3_forgetfulman.shotSound (exact);ps2_18:3_forgetfulman2.shotSound (exact);ps2_18:3_forgetfulman3.shotSound (exact);ps2_18:4_forgetfulman.shotSound (exact);ps2_18:4_forgetfulman2.shotSound (exact);ps2_18:4_forgetfulman3.shotSound (exact);ps2_18:forgetfulman.shotSound (exact);ps2_18:forgetfulman2.shotSound (exact);ps2_18:forgetfulman3.shotSound (exact),
sounds/Enemies/forgetfulman/forgetfulman_still_SPA.m4a,_forgetfulman,ps2_10:forgetfulman.defaultSound (exact);ps2_10:forgetfulman.notThereSound (exact);ps2_13:shark.stillSound (exact),masterclass:monster3.stillSound
sounds/Enemies/forgetfulman2/forgetfulman2_appear_SPA.m4a,_forgetfulman2;_forgetfulman2_light,ps2_11b:forgetfulman10.introSound (exact);ps2_11b:forgetfulman11.introSound (exact);ps2_11b:forgetfulman12.introSound (exact);ps2_11b:forgetfulman18.introSound (exact);ps2_11b:forgetfulman19.introSound (exact);ps2_11b:forgetfulman2.introSound (exact);ps2_11b:forgetfulman22.introSound (exact);ps2_11b:forgetfulman6.introSound (exact);ps2_5a:forgetfulman.introSound (exact),
sounds/Enemies/forgetfulman2/forgetfulman2_aware_SPA.m4a,_forgetfulman2;_forgetfulman2_light,ps2_11b:forgetfulman10.awareSound (exact);ps2_11b:forgetfulman11.awareSound (exact);ps2_11b:forgetfulman12.awareSound (exact);ps2_11b:forgetfulman18.awareSound (exact);ps2_11b:forgetfulman19.awareSound (exact);ps2_11b:forgetfulman2.awareSound (exact);ps2_11b:forgetfulman22.awareSound (exact);ps2_11b:forgetfulman6.awareSound (exact);ps2_5a:forgetfulman.awareSound (exact),
sounds/Enemies/forgetfulman2/forgetfulman2_aware_SPA_b.m4a,_forgetfulman2,,
sounds/Enemies/forgetfulman2/forgetfulman2_beatensound_SPA.m4a,_forgetfulman2,ps2_5a:forgetfulman.beatenSound (exact),
sounds/Enemies/forgetfulman2/forgetfulman2_chase_SPA.m4a,_forgetfulman2;_forgetfulman2_light,ps2_11b:forgetfulman10.chaseSound (exact);ps2_11b:forgetfulman11.chaseSound (exact);ps2_11b:forgetfulman12.chaseSound (exact);ps2_11b:forgetfulman18.chaseSound (exact);ps2_11b:forgetfulman19.chaseSound (exact);ps2_11b:forgetfulman2.chaseSound (exact);ps2_11b:forgetfulman22.chaseSound (exact);ps2_11b:forgetfulman6.chaseSound (exact);ps2_5a:forgetfulman.chaseSound (exact),masterclass:monster2.chaseSound
sounds/Enemies/forgetfulman2/forgetfulman2_notthere_SPA.m4a,_forgetfulman2,,
sounds/Enemies/forgetfulman2/forgetfulman2_patrol_SPA.m4a,_forgetfulman2,ps2_5a:forgetfulman.patrolSound (exact),
sounds/Enemies/forgetfulman2/forgetfulman2_shotsound_SPA.m4a,_forgetfulman2;_forgetfulman2_light,ps2_11b:forgetfulman10.shotSound (exact);ps2_11b:forgetfulman11.shotSound (exact);ps2_11b:forgetfulman12.shotSound (exact);ps2_11b:forgetfulman18.shotSound (exact);ps2_11b:forgetfulman19.shotSound (exact);ps2_11b:forgetfulman2.shotSound (exact);ps2_11b:forgetfulman22.shotSound (exact);ps2_11b:forgetfulman6.shotSound (exact);ps2_5a:forgetfulman.shotSound (exact),
sounds/Enemies/forgetfulman2/forgetfulman2_still_SPA.m4a,_forgetfulman2,ps2_5a:forgetfulman.notThereSound (exact);ps2_5a:forgetfulman.stillSound (exact),masterclass:monster2.stillSound
sounds/Enemies/forgetfulman3/forgetfulman3_appear_SPA.m4a,_forgetfulman3;_forgetfulman3_light,ps2_11b:forgetfulman14.introSound (exact);ps2_11b:forgetfulman17.introSound (exact);ps2_11b:forgetfulman24.introSound (exact);ps2_11b:forgetfulman3.introSound (exact);ps2_11b:forgetfulman7.introSound (exact),
sounds/Enemies/forgetfulman3/forgetfulman3_aware_SPA.m4a,_forgetfulman3;_forgetfulman3_light,ps2_11b:forgetfulman14.awareSound (exact);ps2_11b:forgetfulman17.awareSound (exact);ps2_11b:forgetfulman24.awareSound (exact);ps2_11b:forgetfulman3.awareSound (exact);ps2_11b:forgetfulman7.awareSound (exact),
sounds/Enemies/forgetfulman3/forgetfulman3_aware_SPA_b.m4a,_forgetfulman3,,
sounds/Enemies/forgetfulman3/forgetfulman3_beatensound_SPA.m4a,_forgetfulman3,,
sounds/Enemies/forgetfulman3/forgetfulman3_chase_SPA.m4a,_forgetfulman3;_forgetfulman3_light,ps2_11b:forgetfulman14.chaseSound (exact);ps2_11b:forgetfulman17.chaseSound (exact);ps2_11b:forgetfulman24.chaseSound (exact);ps2_11b:forgetfulman3.chaseSound (exact);ps2_11b:forgetfulman7.chaseSound (exact),
sounds/Enemies/forgetfulman3/forgetfulman3_notthere_SPA.m4a,_forgetfulman3,,
sounds/Enemies/forgetfulman3/forgetfulman3_patrol_SPA.m4a,_forgetfulman3,,
sounds/Enemies/forgetfulman3/forgetfulman3_shotsound_SPA.m4a,_forgetfulman3;_forgetfulman3_light,ps2_11b:forgetfulman14.shotSound (exact);ps2_11b:forgetfulman17.shotSound (exact);ps2_11b:forgetfulman24.shotSound (exact);ps2_11b:forgetfulman3.shotSound (exact);ps2_11b:forgetfulman7.shotSound (exact),
sounds/Enemies/forgetfulman3/forgetfulman3_still_SPA.m4a,_forgetfulman3,,
sounds/Enemies/forgetfulman4/forgetfulman4_appear_SPA.m4a,_forgetfulman4;_forgetfulman4_light,ps2_11b:forgetfulman13.introSound (exact);ps2_11b:forgetfulman20.introSound (exact);ps2_11b:forgetfulman21.introSound (exact);ps2_11b:forgetfulman4.introSound (exact);ps2_11b:forgetfulman8.introSound (exact);ps2_11b:forgetfulman_b.introSound (exact),
sounds/Enemies/forgetfulman4/forgetfulman4_aware_SPA.m4a,_forgetfulman4;_forgetfulman4_light,ps2_11b:forgetfulman13.awareSound (exact);ps2_11b:forgetfulman20.awareSound (exact);ps2_11b:forgetfulman21.awareSound (exact);ps2_11b:forgetfulman4.awareSound (exact);ps2_11b:forgetfulman8.awareSound (exact);ps2_11b:forgetfulman_b.awareSound (exact),
sounds/Enemies/forgetfulman4/forgetfulman4_aware_SPA_b.m4a,_forgetfulman4,,
sounds/Enemies/forgetfulman4/forgetfulman4_beatensound_SPA.m4a,_forgetfulman4,,
sounds/Enemies/forgetfulman4/forgetfulman4_chase_SPA.m4a,_forgetfulman4;_forgetfulman4_light,ps2_11b:forgetfulman13.chaseSound (exact);ps2_11b:forgetfulman20.chaseSound (exact);ps2_11b:forgetfulman21.chaseSound (exact);ps2_11b:forgetfulman4.chaseSound (exact);ps2_11b:forgetfulman8.chaseSound (exact);ps2_11b:forgetfulman_b.chaseSound (exact),
sounds/Enemies/forgetfulman4/forgetfulman4_notthere_SPA.m4a,_forgetfulman4,,
sounds/Enemies/forgetfulman4/forgetfulman4_patrol_SPA.m4a,_forgetfulman4,,
sounds/Enemies/forgetfulman4/forgetfulman4_shotsound_SPA.m4a,_forgetfulman4;_forgetfulman4_light,ps2_11b:forgetfulman13.shotSound (exact);ps2_11b:forgetfulman20.shotSound (exact);ps2_11b:forgetfulman21.shotSound (exact);ps2_11b:forgetfulman4.shotSound (exact);ps2_11b:forgetfulman8.shotSound (exact);ps2_11b:forgetfulman_b.shotSound (exact),
sounds/Enemies/forgetfulman4/forgetfulman4_still_SPA.m4a,_forgetfulman4,,
sounds/Enemies/hog_1/hog_death.m4a,_hog1;_hog_1,ps2_16:fail_sound.soundList (exact),
sounds/Enemies/hog_1/monster_hog1_aware_SPA.m4a,_hog1;_hog_1,ps2_16:hog1.awareSound (exact),
sounds/Enemies/hog_1/monster_hog1_chase_SPA.m4a,_hog1;_hog_1,ps2_16:hog1.chaseSound (exact),
sounds/Enemies/hog_1/monster_hog1_notthere_SPA.m4a,_hog1;_hog_1,ps2_16:hog1.notThereSound (exact),
sounds/Enemies/hog_1/monster_hog1_patrol_SPA.m4a,_hog1;_hog_1,ps2_16:hog1.patrolSound (exact),
sounds/Enemies/hog_1/monster_hog1_still_SPA.m4a,_hog1;_hog_1,ps2_16:hog1.stillSound (exact),
sounds/Enemies/hog_2/monster_hog2_aware_SPA.m4a,_hog_2,ps2_16:hog2.awareSound (exact),
sounds/Enemies/hog_2/monster_hog2_chase_SPA.m4a,_hog_2,ps2_16:hog2.chaseSound (exact),
sounds/Enemies/hog_2/monster_hog2_notthere_SPA.m4a,_hog_2,ps2_16:hog2.notThereSound (exact),
sounds/Enemies/hog_2/monster_hog2_patrol_SPA.m4a,_hog_2,ps2_16:hog2.patrolSound (exact),
sounds/Enemies/hog_2/monster_hog2_still_SPA.m4a,_hog_2,ps2_16:hog2.stillSound (exact),
sounds/Enemies/hog_3/monster_hog3_aware_SPA.m4a,_hog_3,ps2_16:hog3.awareSound (exact),
sounds/Enemies/hog_3/monster_hog3_chase_SPA.m4a,_hog_3,ps2_16:hog3.chaseSound (exact),
sounds/Enemies/hog_3/monster_hog3_notthere_SPA.m4a,_hog_3,ps2_16:hog3.notThereSound (exact),
sounds/Enemies/hog_3/monster_hog3_patrol_SPA.m4a,_hog_3,ps2_16:hog3.patrolSound (exact),
sounds/Enemies/hog_3/monster_hog3_still_SPA.m4a,_hog_3,ps2_16:hog3.stillSound (exact),
sounds/Enemies/hog_4/monster_hog4_aware_SPA.m4a,_hog_4,,
sounds/Enemies/hog_4/monster_hog4_chase_SPA.m4a,_hog_4,,
sounds/Enemies/hog_4/monster_hog4_notthere_SPA.m4a,_hog_4,,
sounds/Enemies/hog_4/monster_hog4_patrol_SPA.m4a,_hog_4,,
sounds/Enemies/hog_4/monster_hog4_still_SPA.m4a,_hog_4,,
sounds/Enemies/mindlouse/louse_death_UOS.m4a,_louse_death;_mindlouse;_mindlouse_light,ps2_18:fail_louse_sound.soundList (prefix);ps2_1:fail_sound.soundList (prefix);ps2_2:fail_sound.soundList (prefix);ps2_3:fail_sound.soundList (prefix);ps2_4:fail_sound.soundList (prefix);ps2_5:fail_sound.soundList (prefix),
sounds/Enemies/mindlouse/mindlouse_appear_SPA.m4a,_mindlouse;_mindlouse_light,ps2_18:2_louse1.introSound (exact);ps2_18:2_louse2.introSound (exact);ps2_18:3_louse1.introSound (exact);ps2_18:3_louse2.introSound (exact);ps2_18:3_louse3.introSound (exact);ps2_18:4_louse1.introSound (exact);ps2_18:4_louse2.introSound (exact);ps2_18:4_louse3.introSound (exact);ps2_18:louse1.introSound (exact);ps2_18:louse2.introSound (exact);ps2_18:louse3.introSound (exact);ps2_1:louse1.introSound (exact);ps2_2:forgetfulman1.introSound (exact);ps2_3:forgetfulman1.introSound (exact);ps2_5:forgetfulman1.introSound (exact),
sounds/Enemies/mindlouse/mindlouse_aware_SPA.m4a,_mindlouse,ps2_1:louse1.awareSound (exact);ps2_2:forgetfulman1.awareSound (exact);ps2_3:forgetfulman1.awareSound (exact);ps2_4:forgetfulman1.awareSound (exact);ps2_5:forgetfulman1.awareSound (exact),
sounds/Enemies/mindlouse/mindlouse_chase_SPA.m4a,_mindlouse;_mindlouse_light,ps2_18:2_louse1.chaseSound (exact);ps2_18:2_louse2.chaseSound (exact);ps2_18:3_louse1.chaseSound (exact);ps2_18:3_louse2.chaseSound (exact);ps2_18:3_louse3.chaseSound (exact);ps2_18:4_louse1.chaseSound (exact);ps2_18:4_louse2.chaseSound (exact);ps2_18:4_louse3.chaseSound (exact);ps2_18:louse1.chaseSound (exact);ps2_18:louse2.chaseSound (exact);ps2_18:louse3.chaseSound (exact);ps2_1:louse1.chaseSound (exact);ps2_2:forgetfulman1.chaseSound (exact);ps2_3:forgetfulman1.chaseSound (exact);ps2_4:forgetfulman1.chaseSound (exact);ps2_5:forgetfulman1.chaseSound (exact),
sounds/Enemies/mindlouse/mindlouse_notthere_SPA.m4a,_mindlouse,ps2_1:louse1.notThereSound (exact);ps2_2:forgetfulman1.notThereSound (exact);ps2_3:forgetfulman1.notThereSound (exact);ps2_4:forgetfulman1.notThereSound (exact);ps2_5:forgetfulman1.notThereSound (exact),
sounds/Enemies/mindlouse/mindlouse_patrol_SPA.m4a,_mindlouse,ps2_1:louse1.patrolSound (exact);ps2_2:forgetfulman1.patrolSound (exact);ps2_4:forgetfulman1.patrolSound (exact);ps2_5:forgetfulman1.patrolSound (exact),
sounds/Enemies/mindlouse/mindlouse_still_SPA.m4a,_mindlouse,ps2_1:louse1.pauseSound (exact);ps2_1:louse1.stillSound (exact);ps2_2:forgetfulman1.stillSound (exact);ps2_3:forgetfulman1.stillSound (exact);ps2_4:forgetfulman1.stillSound (exact);ps2_5:forgetfulman1.stillSound (exact),
sounds/Enemies/mindlouse2/mindlouse2_appear_SPA.m4a,_mindlouse2,ps2_2:forgetfulman2.introSound (exact);ps2_4:louse2.introSound (exact),
sounds/Enemies/mindlouse2/mindlouse2_aware_SPA.m4a,_mindlouse2,ps2_2:forgetfulman2.awareSound (exact);ps2_4:louse2.awareSound (exact),
sounds/Enemies/mindlouse2/mindlouse2_chase_SPA.m4a,_mindlouse2,ps2_2:forgetfulman2.chaseSound (exact);ps2_4:louse2.chaseSound (exact),
sounds/Enemies/mindlouse2/mindlouse2_notthere_SPA.m4a,_mindlouse2,ps2_2:forgetfulman2.notThereSound (exact);ps2_4:louse2.notThereSound (exact),
sounds/Enemies/mindlouse2/mindlouse2_patrol_SPA.m4a,_mindlouse2,ps2_2:forgetfulman2.patrolSound (exact);ps2_4:louse2.patrolSound (exact),
sounds/Enemies/mindlouse2/mindlouse2_still_SPA.m4a,_mindlouse2,ps2_2:forgetfulman2.stillSound (exact);ps2_4:louse2.stillSound (exact),
sounds/Enemies/penguin/ice_death_UOS.m4a,_penguin,ps2_15:surface1.deathSound (prefix);ps2_15:surface2.deathSound (prefix);ps2_17:surface1.deathSound (prefix);ps2_8:Surface.deathSound (prefix);ps2_8:floor_after_pickup.deathSound (prefix),
sounds/Enemies/penguin/penguin_appear_SPA.m4a,_penguin,,
sounds/Enemies/penguin/penguin_death_SPA.m4a,_penguin,ps2_15:penguin.beatenSound (prefix);ps2_17:penguin.beatenSound (prefix);ps2_17:penguin.shotSound (prefix);ps2_17:penguin2.beatenSound (prefix);ps2_17:penguin2.shotSound (prefix),
sounds/Enemies/penguin/penguin_paused_SPA.m4a,_penguin,ps2_8:penguin.pauseSound (exact),
sounds/Enemies/penguin/penguin_proximity_SPA.m4a,_penguin,ps2_15:penguin.proximitySound (exact);ps2_17:penguin.proximitySound (exact);ps2_17:penguin2.proximitySound (exact);ps2_8:penguin.proximitySound (exact),icefield:hog1.proximitySound
sounds/Enemies/penguin/penguin_scared_SPA.m4a,_penguin,ps2_15:penguin.scaredSound (exact);ps2_17:penguin.scaredSound (exact);ps2_17:penguin2.scaredSound (exact);ps2_8:penguin.scaredSound (exact),
sounds/Enemies/penguin/penguin_squawk_SPA.m4a,_penguin,ps2_8:penguin_squawk.soundList (exact),
sounds/Enemies/penguin/penguin_steps_SPA.m4a,_penguin,ps2_15:penguin.chaseSound (exact);ps2_17:penguin.chaseSound (exact);ps2_17:penguin2.chaseSound (exact);ps2_8:penguin.chaseSound (exact),icefield:hog1.chaseSound
sounds/Enemies/penguin2/penguin2_appear_SPA.m4a,_penguin2,ps2_15:penguin2.introSound (exact),
sounds/Enemies/penguin2/penguin2_death_SPA.m4a,_penguin2,ps2_15:penguin2.beatenSound (prefix),
sounds/Enemies/penguin2/penguin2_proximity_SPA.m4a,_penguin2,ps2_15:penguin2.proximitySound (exact),
sounds/Enemies/penguin2/penguin2_scared_SPA.m4a,_penguin2,ps2_15:penguin2.scaredSound (exact),
sounds/Enemies/penguin2/penguin2_steps_SPA.m4a,_penguin2,ps2_15:penguin2.chaseSound (exact),
sounds/Enemies/penguin3/penguin3_appear_SPA.m4a,_penguin3,ps2_15:penguin3.introSound (exact),
sounds/Enemies/penguin3/penguin3_death_SPA.m4a,_penguin3,ps2_15:penguin3.beatenSound (prefix),
sounds/Enemies/penguin3/penguin3_proximity_SPA.m4a,_penguin3,ps2_15:penguin3.proximitySound (exact),
sounds/Enemies/penguin3/penguin3_scared_SPA.m4a,_penguin3,ps2_15:penguin3.scaredSound (exact),
sounds/Enemies/penguin3/penguin3_steps_SPA.m4a,_penguin3,ps2_15:penguin3.chaseSound (exact),
sounds/Enemies/penguin4/penguin4_appear_SPA.m4a,_penguin4,ps2_15:penguin4.introSound (exact),
sounds/Enemies/penguin4/penguin4_death_SPA.m4a,_penguin4,ps2_15:penguin4.beatenSound (prefix),
sounds/Enemies/penguin4/penguin4_proximity_SPA.m4a,_penguin4,ps2_15:penguin4.proximitySound (exact),
sounds/Enemies/penguin4/penguin4_scared_SPA.m4a,_penguin4,ps2_15:penguin4.scaredSound (exact),
sounds/Enemies/penguin4/penguin4_steps_SPA.m4a,_penguin4,ps2_15:penguin4.chaseSound (exact),
sounds/Enemies/polarbear/polarbear_appear_SPA.m4a,_polarbear;_polarbear_light,ps2_15:forgetfulman1.introSound (exact);ps2_15:forgetfulman2.introSound (exact);ps2_15:forgetfulman3.introSound (exact);ps2_15:forgetfulman5.introSound (exact);ps2_15:forgetfulman6.introSound (exact);ps2_17:forgetfulman1.introSound (exact);ps2_17:forgetfulman2.introSound (exact);ps2_18:2_polarbear1.introSound (exact);ps2_18:3_polarbear1.introSound (exact);ps2_18:4_polarbear1.introSound (exact);ps2_18:polarbear1.introSound (exact);ps2_8:polar_bear_roar.soundList (exact),
sounds/Enemies/polarbear/polarbear_aware_SPA.m4a,_polarbear,ps2_15:forgetfulman1.awareSound (exact);ps2_15:forgetfulman2.awareSound (exact);ps2_15:forgetfulman3.awareSound (exact);ps2_15:forgetfulman5.awareSound (exact);ps2_15:forgetfulman6.awareSound (exact);ps2_17:forgetfulman1.awareSound (exact);ps2_17:forgetfulman2.awareSound (exact);ps2_8:forgetfulman.awareSound (exact),
sounds/Enemies/polarbear/polarbear_chase_SPA.m4a,_polarbear;_polarbear_light,ps2_15:forgetfulman1.chaseSound (exact);ps2_15:forgetfulman2.chaseSound (exact);ps2_15:forgetfulman3.chaseSound (exact);ps2_15:forgetfulman5.chaseSound (exact);ps2_15:forgetfulman6.chaseSound (exact);ps2_17:forgetfulman1.chaseSound (exact);ps2_17:forgetfulman2.chaseSound (exact);ps2_18:2_polarbear1.chaseSound (exact);ps2_18:2_polarbear2.chaseSound (exact);ps2_18:3_polarbear1.chaseSound (exact);ps2_18:3_polarbear2.chaseSound (exact);ps2_18:4_polarbear1.chaseSound (exact);ps2_18:4_polarbear2.chaseSound (exact);ps2_18:polarbear1.chaseSound (exact);ps2_18:polarbear2.chaseSound (exact);ps2_8:forgetfulman.chaseSound (exact),
sounds/Enemies/polarbear/polarbear_death_UOS.m4a,_polarbear;_polarbear_light,ps2_15:fail_sound.soundList (prefix);ps2_17:fail_sound_polar.soundList (prefix);ps2_18:fail_pb_sound.soundList (prefix);ps2_8:fail_sound.soundList (prefix),
sounds/Enemies/polarbear/polarbear_notthere_SPA.m4a,_polarbear,ps2_15:forgetfulman1.notThereSound (exact);ps2_15:forgetfulman2.notThereSound (exact);ps2_15:forgetfulman3.notThereSound (exact);ps2_15:forgetfulman5.notThereSound (exact);ps2_15:forgetfulman6.notThereSound (exact);ps2_17:forgetfulman1.notThereSound (exact);ps2_17:forgetfulman2.notThereSound (exact);ps2_8:forgetfulman.notThereSound (exact),
sounds/Enemies/polarbear/polarbear_patrol_SPA.m4a,_polarbear,ps2_15:forgetfulman5.patrolSound (exact);ps2_15:forgetfulman6.patrolSound (exact),
sounds/Enemies/polarbear/polarbear_shotsound_SPA.m4a,_polarbear,ps2_15:forgetfulman1.beatenSound (exact);ps2_15:forgetfulman2.beatenSound (exact);ps2_15:forgetfulman3.beatenSound (exact);ps2_15:forgetfulman5.beatenSound (exact);ps2_15:forgetfulman6.beatenSound (exact),
sounds/Enemies/polarbear/polarbear_shotsound_no_music_SPA.m4a,_polarbear;_polarbear_light,ps2_17:forgetfulman1.beatenSound (exact);ps2_17:forgetfulman1.shotSound (exact);ps2_17:forgetfulman2.beatenSound (exact);ps2_17:forgetfulman2.shotSound (exact);ps2_18:2_polarbear1.shotSound (exact);ps2_18:2_polarbear2.shotSound (exact);ps2_18:3_polarbear1.shotSound (exact);ps2_18:3_polarbear2.shotSound (exact);ps2_18:4_polarbear1.shotSound (exact);ps2_18:4_polarbear2.shotSound (exact);ps2_18:polarbear1.shotSound (exact);ps2_18:polarbear2.shotSound (exact),
sounds/Enemies/polarbear/polarbear_still_SPA.m4a,_polarbear,ps2_15:forgetfulman1.pauseSound (exact);ps2_15:forgetfulman1.stillSound (exact);ps2_15:forgetfulman2.stillSound (exact);ps2_15:forgetfulman3.stillSound (exact);ps2_15:forgetfulman5.stillSound (exact);ps2_15:forgetfulman6.stillSound (exact);ps2_17:forgetfulman1.stillSound (exact);ps2_17:forgetfulman2.stillSound (exact);ps2_8:forgetfulman.stillSound (exact),
sounds/Enemies/polarbear2/polarbear2_appear_SPA.m4a,_polarbear2,ps2_15:forgetfulman4.introSound (exact);ps2_15:forgetfulman7.introSound (exact);ps2_15:forgetfulman8.introSound (exact),
sounds/Enemies/polarbear2/polarbear2_aware_SPA.m4a,_polarbear2,ps2_15:forgetfulman4.awareSound (exact);ps2_15:forgetfulman7.awareSound (exact);ps2_15:forgetfulman8.awareSound (exact),
sounds/Enemies/polarbear2/polarbear2_chase_SPA.m4a,_polarbear2,ps2_15:forgetfulman4.chaseSound (exact);ps2_15:forgetfulman7.chaseSound (exact);ps2_15:forgetfulman8.chaseSound (exact),
sounds/Enemies/polarbear2/polarbear2_notthere_SPA.m4a,_polarbear2,ps2_15:forgetfulman4.notThereSound (exact);ps2_15:forgetfulman7.notThereSound (exact);ps2_15:forgetfulman8.notThereSound (exact),
sounds/Enemies/polarbear2/polarbear2_patrol_SPA.m4a,_polarbear2,ps2_15:forgetfulman4.patrolSound (exact);ps2_15:forgetfulman7.patrolSound (exact);ps2_15:forgetfulman8.patrolSound (exact),
sounds/Enemies/polarbear2/polarbear2_shotsound_SPA.m4a,_polarbear2,ps2_15:forgetfulman4.beatenSound (exact);ps2_15:forgetfulman7.beatenSound (exact);ps2_15:forgetfulman8.beatenSound (exact),
sounds/Enemies/polarbear2/polarbear2_still_SPA.m4a,_polarbear2,ps2_15:forgetfulman4.stillSound (exact);ps2_15:forgetfulman7.stillSound (exact);ps2_15:forgetfulman8.stillSound (exact),
sounds/abyss_sounds/10_SPEECH_ansaphone_1_SPA_UOS.m4a,_abyss_sounds,ps2_10:ansaphone1.collectSound (exact);ps2_17:ansaphone1.collectSound (exact),
sounds/abyss_sounds/10_SPEECH_ansaphone_2_SPA_UOS.m4a,_abyss_sounds,ps2_10:ansaphone2.collectSound (exact);ps2_17:ansaphone2.collectSound (exact),
sounds/abyss_sounds/10_SPEECH_ansaphone_3_SPA_UOS.m4a,_abyss_sounds,ps2_10:ansaphone3.collectSound (exact),
sounds/abyss_sounds/10_death_fall_UOS.m4a,_abyss_sounds,ps2_10:death_zone_1.deathSound (exact);ps2_17:death_zone_1.deathSound (exact),
sounds/abyss_sounds/10_pebble_fall_a.m4a,_abyss_sounds,ps2_10:close_zone_1.OnStep>PlaySound (prefix x2 (random));ps2_17:close_zone_1.OnStep>PlaySound (prefix x2 (random)),
sounds/abyss_sounds/10_pebble_fall_b.m4a,_abyss_sounds,ps2_10:close_zone_1.OnStep>PlaySound (prefix x2 (random));ps2_17:close_zone_1.OnStep>PlaySound (prefix x2 (random)),
sounds/abyss_sounds/10_phone_loop_SPA.m4a,_abyss_sounds,ps2_10:ansaphone1.loopSound (exact);ps2_10:ansaphone2.loopSound (exact);ps2_10:ansaphone3.loopSound (exact);ps2_17:ansaphone1.loopSound (exact);ps2_17:ansaphone2.loopSound (exact),
sounds/abyss_sounds/throw_abyss.m4a,_abyss_sounds,ps2_10:death_zone_1.footstepsPrefix (throw_*);ps2_17:death_zone_1.footstepsPrefix (throw_*),
sounds/abyss_sounds/throw_gravel_a.m4a,_abyss_sounds,ps2_10:Room.footstepsPrefix (throw_*);ps2_10:close_zone_1.footstepsPrefix (throw_*);ps2_10:squash_trigger1.footstepsPrefix (throw_*);ps2_10:squash_trigger2.footstepsPrefix (throw_*);ps2_10:squash_trigger3.footstepsPrefix (throw_*);ps2_10:squash_trigger4.footstepsPrefix (throw_*);ps2_17:FM_trigger.footstepsPrefix (throw_*);ps2_17:Room.footstepsPrefix (throw_*);ps2_17:close_zone_1.footstepsPrefix (throw_*);ps2_17:squash_trigger1.footstepsPrefix (throw_*);ps2_17:squash_trigger2.footstepsPrefix (throw_*);ps2_17:squash_trigger3.footstepsPrefix (throw_*),
sounds/abyss_sounds/throw_gravel_b.m4a,_abyss_sounds,ps2_10:Room.footstepsPrefix (throw_*);ps2_10:close_zone_1.footstepsPrefix (throw_*);ps2_10:squash_trigger1.footstepsPrefix (throw_*);ps2_10:squash_trigger2.footstepsPrefix (throw_*);ps2_10:squash_trigger3.footstepsPrefix (throw_*);ps2_10:squash_trigger4.footstepsPrefix (throw_*);ps2_17:FM_trigger.footstepsPrefix (throw_*);ps2_17:Room.footstepsPrefix (throw_*);ps2_17:close_zone_1.footstepsPrefix (throw_*);ps2_17:squash_trigger1.footstepsPrefix (throw_*);ps2_17:squash_trigger2.footstepsPrefix (throw_*);ps2_17:squash_trigger3.footstepsPrefix (throw_*),
sounds/abyss_sounds/throw_gravel_c.m4a,_abyss_sounds,ps2_10:Room.footstepsPrefix (throw_*);ps2_10:close_zone_1.footstepsPrefix (throw_*);ps2_10:squash_trigger1.footstepsPrefix (throw_*);ps2_10:squash_trigger2.footstepsPrefix (throw_*);ps2_10:squash_trigger3.footstepsPrefix (throw_*);ps2_10:squash_trigger4.footstepsPrefix (throw_*);ps2_17:FM_trigger.footstepsPrefix (throw_*);ps2_17:Room.footstepsPrefix (throw_*);ps2_17:close_zone_1.footstepsPrefix (throw_*);ps2_17:squash_trigger1.footstepsPrefix (throw_*);ps2_17:squash_trigger2.footstepsPrefix (throw_*);ps2_17:squash_trigger3.footstepsPrefix (throw_*),
sounds/advertisement/AD_Demo.m4a,advertisementAudio,,
sounds/air_rifle/gunshot.m4a,_air_rifle,ps2_12:Player.shootSound (exact);ps2_17:Player.shootSound (exact);ps2_6:Player.shootSound (exact),
sounds/animals/randomAnimal_chimpanze_a.m4a,_animals,ps2_11b:animal_10.soundList (prefix x16 (random));ps2_11b:animal_11.soundList (prefix x16 (random));ps2_11b:animal_13.soundList (prefix x16 (random));ps2_11b:animal_14.soundList (prefix x16 (random));ps2_11b:animal_15.soundList (prefix x16 (random));ps2_11b:animal_16.soundList (prefix x16 (random));ps2_11b:animal_17.soundList (prefix x16 (random));ps2_11b:animal_19.soundList (prefix x16 (random));ps2_11b:animal_20.soundList (prefix x16 (random));ps2_11b:animal_3.soundList (prefix x16 (random));ps2_11b:animal_4.soundList (prefix x16 (random));ps2_11b:animal_5.soundList (prefix x16 (random));ps2_11b:animal_7.soundList (prefix x16 (random));ps2_11b:animal_8.soundList (prefix x16 (random));ps2_11b:animal_9.soundList (prefix x16 (random)),
sounds/animals/randomAnimal_chimpanze_b.m4a,_animals,ps2_11b:animal_10.soundList (prefix x16 (random));ps2_11b:animal_11.soundList (prefix x16 (random));ps2_11b:animal_13.soundList (prefix x16 (random));ps2_11b:animal_14.soundList (prefix x16 (random));ps2_11b:animal_15.soundList (prefix x16 (random));ps2_11b:animal_16.soundList (prefix x16 (random));ps2_11b:animal_17.soundList (prefix x16 (random));ps2_11b:animal_19.soundList (prefix x16 (random));ps2_11b:animal_20.soundList (prefix x16 (random));ps2_11b:animal_3.soundList (prefix x16 (random));ps2_11b:animal_4.soundList (prefix x16 (random));ps2_11b:animal_5.soundList (prefix x16 (random));ps2_11b:animal_7.soundList (prefix x16 (random));ps2_11b:animal_8.soundList (prefix x16 (random));ps2_11b:animal_9.soundList (prefix x16 (random)),
sounds/animals/randomAnimal_cow_a.m4a,_animals,ps2_11b:animal_10.soundList (prefix x16 (random));ps2_11b:animal_11.soundList (prefix x16 (random));ps2_11b:animal_13.soundList (prefix x16 (random));ps2_11b:animal_14.soundList (prefix x16 (random));ps2_11b:animal_15.soundList (prefix x16 (random));ps2_11b:animal_16.soundList (prefix x16 (random));ps2_11b:animal_17.soundList (prefix x16 (random));ps2_11b:animal_19.soundList (prefix x16 (random));ps2_11b:animal_20.soundList (prefix x16 (random));ps2_11b:animal_3.soundList (prefix x16 (random));ps2_11b:animal_4.soundList (prefix x16 (random));ps2_11b:animal_5.soundList (prefix x16 (random));ps2_11b:animal_7.soundList (prefix x16 (random));ps2_11b:animal_8.soundList (prefix x16 (random));ps2_11b:animal_9.soundList (prefix x16 (random)),
sounds/animals/randomAnimal_elephant_a.m4a,_animals,ps2_11b:animal_10.soundList (prefix x16 (random));ps2_11b:animal_11.soundList (prefix x16 (random));ps2_11b:animal_13.soundList (prefix x16 (random));ps2_11b:animal_14.soundList (prefix x16 (random));ps2_11b:animal_15.soundList (prefix x16 (random));ps2_11b:animal_16.soundList (prefix x16 (random));ps2_11b:animal_17.soundList (prefix x16 (random));ps2_11b:animal_19.soundList (prefix x16 (random));ps2_11b:animal_20.soundList (prefix x16 (random));ps2_11b:animal_3.soundList (prefix x16 (random));ps2_11b:animal_4.soundList (prefix x16 (random));ps2_11b:animal_5.soundList (prefix x16 (random));ps2_11b:animal_7.soundList (prefix x16 (random));ps2_11b:animal_8.soundList (prefix x16 (random));ps2_11b:animal_9.soundList (prefix x16 (random)),
sounds/animals/randomAnimal_elephant_b.m4a,_animals,ps2_11b:animal_10.soundList (prefix x16 (random));ps2_11b:animal_11.soundList (prefix x16 (random));ps2_11b:animal_13.soundList (prefix x16 (random));ps2_11b:animal_14.soundList (prefix x16 (random));ps2_11b:animal_15.soundList (prefix x16 (random));ps2_11b:animal_16.soundList (prefix x16 (random));ps2_11b:animal_17.soundList (prefix x16 (random));ps2_11b:animal_19.soundList (prefix x16 (random));ps2_11b:animal_20.soundList (prefix x16 (random));ps2_11b:animal_3.soundList (prefix x16 (random));ps2_11b:animal_4.soundList (prefix x16 (random));ps2_11b:animal_5.soundList (prefix x16 (random));ps2_11b:animal_7.soundList (prefix x16 (random));ps2_11b:animal_8.soundList (prefix x16 (random));ps2_11b:animal_9.soundList (prefix x16 (random)),
sounds/animals/randomAnimal_hen_a.m4a,_animals,ps2_11b:animal_10.soundList (prefix x16 (random));ps2_11b:animal_11.soundList (prefix x16 (random));ps2_11b:animal_13.soundList (prefix x16 (random));ps2_11b:animal_14.soundList (prefix x16 (random));ps2_11b:animal_15.soundList (prefix x16 (random));ps2_11b:animal_16.soundList (prefix x16 (random));ps2_11b:animal_17.soundList (prefix x16 (random));ps2_11b:animal_19.soundList (prefix x16 (random));ps2_11b:animal_20.soundList (prefix x16 (random));ps2_11b:animal_3.soundList (prefix x16 (random));ps2_11b:animal_4.soundList (prefix x16 (random));ps2_11b:animal_5.soundList (prefix x16 (random));ps2_11b:animal_7.soundList (prefix x16 (random));ps2_11b:animal_8.soundList (prefix x16 (random));ps2_11b:animal_9.soundList (prefix x16 (random)),
sounds/animals/randomAnimal_horse_b.m4a,_animals,ps2_11b:animal_10.soundList (prefix x16 (random));ps2_11b:animal_11.soundList (prefix x16 (random));ps2_11b:animal_13.soundList (prefix x16 (random));ps2_11b:animal_14.soundList (prefix x16 (random));ps2_11b:animal_15.soundList (prefix x16 (random));ps2_11b:animal_16.soundList (prefix x16 (random));ps2_11b:animal_17.soundList (prefix x16 (random));ps2_11b:animal_19.soundList (prefix x16 (random));ps2_11b:animal_20.soundList (prefix x16 (random));ps2_11b:animal_3.soundList (prefix x16 (random));ps2_11b:animal_4.soundList (prefix x16 (random));ps2_11b:animal_5.soundList (prefix x16 (random));ps2_11b:animal_7.soundList (prefix x16 (random));ps2_11b:animal_8.soundList (prefix x16 (random));ps2_11b:animal_9.soundList (prefix x16 (random)),
sounds/animals/randomAnimal_monkey_a.m4a,_animals,ps2_11b:animal_10.soundList (prefix x16 (random));ps2_11b:animal_11.soundList (prefix x16 (random));ps2_11b:animal_13.soundList (prefix x16 (random));ps2_11b:animal_14.soundList (prefix x16 (random));ps2_11b:animal_15.soundList (prefix x16 (random));ps2_11b:animal_16.soundList (prefix x16 (random));ps2_11b:animal_17.soundList (prefix x16 (random));ps2_11b:animal_19.soundList (prefix x16 (random));ps2_11b:animal_20.soundList (prefix x16 (random));ps2_11b:animal_3.soundList (prefix x16 (random));ps2_11b:animal_4.soundList (prefix x16 (random));ps2_11b:animal_5.soundList (prefix x16 (random));ps2_11b:animal_7.soundList (prefix x16 (random));ps2_11b:animal_8.soundList (prefix x16 (random));ps2_11b:animal_9.soundList (prefix x16 (random)),
sounds/animals/randomAnimal_monkey_b.m4a,_animals,ps2_11b:animal_10.soundList (prefix x16 (random));ps2_11b:animal_11.soundList (prefix x16 (random));ps2_11b:animal_13.soundList (prefix x16 (random));ps2_11b:animal_14.soundList (prefix x16 (random));ps2_11b:animal_15.soundList (prefix x16 (random));ps2_11b:animal_16.soundList (prefix x16 (random));ps2_11b:animal_17.soundList (prefix x16 (random));ps2_11b:animal_19.soundList (prefix x16 (random));ps2_11b:animal_20.soundList (prefix x16 (random));ps2_11b:animal_3.soundList (prefix x16 (random));ps2_11b:animal_4.soundList (prefix x16 (random));ps2_11b:animal_5.soundList (prefix x16 (random));ps2_11b:animal_7.soundList (prefix x16 (random));ps2_11b:animal_8.soundList (prefix x16 (random));ps2_11b:animal_9.soundList (prefix x16 (random)),
sounds/animals/randomAnimal_monkey_c.m4a,_animals,ps2_11b:animal_10.soundList (prefix x16 (random));ps2_11b:animal_11.soundList (prefix x16 (random));ps2_11b:animal_13.soundList (prefix x16 (random));ps2_11b:animal_14.soundList (prefix x16 (random));ps2_11b:animal_15.soundList (prefix x16 (random));ps2_11b:animal_16.soundList (prefix x16 (random));ps2_11b:animal_17.soundList (prefix x16 (random));ps2_11b:animal_19.soundList (prefix x16 (random));ps2_11b:animal_20.soundList (prefix x16 (random));ps2_11b:animal_3.soundList (prefix x16 (random));ps2_11b:animal_4.soundList (prefix x16 (random));ps2_11b:animal_5.soundList (prefix x16 (random));ps2_11b:animal_7.soundList (prefix x16 (random));ps2_11b:animal_8.soundList (prefix x16 (random));ps2_11b:animal_9.soundList (prefix x16 (random)),
sounds/animals/randomAnimal_owl_a.m4a,_animals,ps2_11b:animal_10.soundList (prefix x16 (random));ps2_11b:animal_11.soundList (prefix x16 (random));ps2_11b:animal_13.soundList (prefix x16 (random));ps2_11b:animal_14.soundList (prefix x16 (random));ps2_11b:animal_15.soundList (prefix x16 (random));ps2_11b:animal_16.soundList (prefix x16 (random));ps2_11b:animal_17.soundList (prefix x16 (random));ps2_11b:animal_19.soundList (prefix x16 (random));ps2_11b:animal_20.soundList (prefix x16 (random));ps2_11b:animal_3.soundList (prefix x16 (random));ps2_11b:animal_4.soundList (prefix x16 (random));ps2_11b:animal_5.soundList (prefix x16 (random));ps2_11b:animal_7.soundList (prefix x16 (random));ps2_11b:animal_8.soundList (prefix x16 (random));ps2_11b:animal_9.soundList (prefix x16 (random)),
sounds/animals/randomAnimal_owl_b.m4a,_animals,ps2_11b:animal_10.soundList (prefix x16 (random));ps2_11b:animal_11.soundList (prefix x16 (random));ps2_11b:animal_13.soundList (prefix x16 (random));ps2_11b:animal_14.soundList (prefix x16 (random));ps2_11b:animal_15.soundList (prefix x16 (random));ps2_11b:animal_16.soundList (prefix x16 (random));ps2_11b:animal_17.soundList (prefix x16 (random));ps2_11b:animal_19.soundList (prefix x16 (random));ps2_11b:animal_20.soundList (prefix x16 (random));ps2_11b:animal_3.soundList (prefix x16 (random));ps2_11b:animal_4.soundList (prefix x16 (random));ps2_11b:animal_5.soundList (prefix x16 (random));ps2_11b:animal_7.soundList (prefix x16 (random));ps2_11b:animal_8.soundList (prefix x16 (random));ps2_11b:animal_9.soundList (prefix x16 (random)),
sounds/animals/randomAnimal_parrot_a.m4a,_animals,ps2_11b:animal_10.soundList (prefix x16 (random));ps2_11b:animal_11.soundList (prefix x16 (random));ps2_11b:animal_13.soundList (prefix x16 (random));ps2_11b:animal_14.soundList (prefix x16 (random));ps2_11b:animal_15.soundList (prefix x16 (random));ps2_11b:animal_16.soundList (prefix x16 (random));ps2_11b:animal_17.soundList (prefix x16 (random));ps2_11b:animal_19.soundList (prefix x16 (random));ps2_11b:animal_20.soundList (prefix x16 (random));ps2_11b:animal_3.soundList (prefix x16 (random));ps2_11b:animal_4.soundList (prefix x16 (random));ps2_11b:animal_5.soundList (prefix x16 (random));ps2_11b:animal_7.soundList (prefix x16 (random));ps2_11b:animal_8.soundList (prefix x16 (random));ps2_11b:animal_9.soundList (prefix x16 (random)),
sounds/animals/randomAnimal_peacocks_a.m4a,_animals,ps2_11b:animal_10.soundList (prefix x16 (random));ps2_11b:animal_11.soundList (prefix x16 (random));ps2_11b:animal_13.soundList (prefix x16 (random));ps2_11b:animal_14.soundList (prefix x16 (random));ps2_11b:animal_15.soundList (prefix x16 (random));ps2_11b:animal_16.soundList (prefix x16 (random));ps2_11b:animal_17.soundList (prefix x16 (random));ps2_11b:animal_19.soundList (prefix x16 (random));ps2_11b:animal_20.soundList (prefix x16 (random));ps2_11b:animal_3.soundList (prefix x16 (random));ps2_11b:animal_4.soundList (prefix x16 (random));ps2_11b:animal_5.soundList (prefix x16 (random));ps2_11b:animal_7.soundList (prefix x16 (random));ps2_11b:animal_8.soundList (prefix x16 (random));ps2_11b:animal_9.soundList (prefix x16 (random)),
sounds/animals/randomAnimal_pig_b.m4a,_animals,ps2_11b:animal_10.soundList (prefix x16 (random));ps2_11b:animal_11.soundList (prefix x16 (random));ps2_11b:animal_13.soundList (prefix x16 (random));ps2_11b:animal_14.soundList (prefix x16 (random));ps2_11b:animal_15.soundList (prefix x16 (random));ps2_11b:animal_16.soundList (prefix x16 (random));ps2_11b:animal_17.soundList (prefix x16 (random));ps2_11b:animal_19.soundList (prefix x16 (random));ps2_11b:animal_20.soundList (prefix x16 (random));ps2_11b:animal_3.soundList (prefix x16 (random));ps2_11b:animal_4.soundList (prefix x16 (random));ps2_11b:animal_5.soundList (prefix x16 (random));ps2_11b:animal_7.soundList (prefix x16 (random));ps2_11b:animal_8.soundList (prefix x16 (random));ps2_11b:animal_9.soundList (prefix x16 (random)),
sounds/animals/randomAnimal_pig_c.m4a,_animals,ps2_11b:animal_10.soundList (prefix x16 (random));ps2_11b:animal_11.soundList (prefix x16 (random));ps2_11b:animal_13.soundList (prefix x16 (random));ps2_11b:animal_14.soundList (prefix x16 (random));ps2_11b:animal_15.soundList (prefix x16 (random));ps2_11b:animal_16.soundList (prefix x16 (random));ps2_11b:animal_17.soundList (prefix x16 (random));ps2_11b:animal_19.soundList (prefix x16 (random));ps2_11b:animal_20.soundList (prefix x16 (random));ps2_11b:animal_3.soundList (prefix x16 (random));ps2_11b:animal_4.soundList (prefix x16 (random));ps2_11b:animal_5.soundList (prefix x16 (random));ps2_11b:animal_7.soundList (prefix x16 (random));ps2_11b:animal_8.soundList (prefix x16 (random));ps2_11b:animal_9.soundList (prefix x16 (random)),
sounds/birdtakeoff/birdtakeoff.m4a,_birdtakeoff,ps2_8:memory1.collectSound (exact);ps2_8:memory2.collectSound (exact);ps2_8:memory3.collectSound (exact);ps2_8:memory5.collectSound (exact);ps2_8:memory6.collectSound (exact),
sounds/chase_music/chase_music.m4a,_chase_music,ps2_10:violin_thrill.soundList (exact);ps2_13:violin_thrill.soundList (exact);ps2_16:violin_thrill.soundList (exact);ps2_1:violin_thrill.soundList (exact);ps2_2:violin_thrill.soundList (exact);ps2_3:violin_thrill.soundList (exact);ps2_4:violin_thrill.soundList (exact);ps2_5:violin_thrill.soundList (exact);ps2_7:violin_thrill.soundList (exact),
sounds/fire_walls/7_object_fire_1_SPA.m4a,_fire_walls,ps2_14:surface1.sound (exact);ps2_14:surface5.sound (exact);ps2_7:surface1.sound (exact),
sounds/fire_walls/7_object_fire_2_SPA.m4a,_fire_walls,ps2_14:surface2.sound (exact);ps2_7:surface3.sound (exact);ps2_7:surface3a.sound (exact),
sounds/fire_walls/7_object_fire_3_SPA.m4a,_fire_walls,ps2_14:surface3.sound (exact);ps2_14:surface6.sound (exact);ps2_7:surface2.sound (exact),
sounds/fire_walls/7_object_fire_4_SPA.m4a,_fire_walls,ps2_14:surface4.sound (exact);ps2_7:surface4.sound (exact);ps2_7:surface4a.sound (exact),
sounds/fire_walls/7_object_fire_5_SPA.m4a,_fire_walls,ps2_7:deadly1.sound (exact);ps2_7:deadly2.sound (exact);ps2_7:deadly3.sound (exact);ps2_7:deadly_fake1.sound (exact);ps2_7:deadly_fake2.sound (exact),
sounds/fireworks/18_firework_gone_off_SPA_UOS_a.m4a,_fireworks,ps2_18:firework1.soundList (exact);ps2_3:firework1.soundList (exact),
sounds/fireworks/18_firework_gone_off_SPA_UOS_b.m4a,_fireworks,ps2_18:firework2.soundList (exact);ps2_3:firework2.soundList (exact),
sounds/fireworks/18_firework_gone_off_SPA_UOS_c.m4a,_fireworks,ps2_18:firework3.soundList (exact);ps2_3:firework3.soundList (exact),
sounds/fireworks/18_firework_gone_off_SPA_UOS_d.m4a,_fireworks,ps2_18:firework4.soundList (exact);ps2_3:firework4.soundList (exact),
sounds/footsteps/cracker/footwalk_cracker_a_PRE.m4a,_cracker,ps2_3:floor1.footstepsPrefix (footwalk_*);ps2_3:floor2.footstepsPrefix (footwalk_*);ps2_3:floor3.footstepsPrefix (footwalk_*),
sounds/footsteps/cracker/footwalk_cracker_b_PRE.m4a,_cracker,ps2_3:floor1.footstepsPrefix (footwalk_*);ps2_3:floor2.footstepsPrefix (footwalk_*);ps2_3:floor3.footstepsPrefix (footwalk_*),
sounds/footsteps/cracker/footwalk_cracker_c_PRE.m4a,_cracker,ps2_3:floor1.footstepsPrefix (footwalk_*);ps2_3:floor2.footstepsPrefix (footwalk_*);ps2_3:floor3.footstepsPrefix (footwalk_*),
sounds/footsteps/cracker/footwalk_cracker_d_PRE.m4a,_cracker,ps2_3:floor1.footstepsPrefix (footwalk_*);ps2_3:floor2.footstepsPrefix (footwalk_*);ps2_3:floor3.footstepsPrefix (footwalk_*),
sounds/footsteps/cracker/footwalk_cracker_e_PRE.m4a,_cracker,ps2_3:floor1.footstepsPrefix (footwalk_*);ps2_3:floor2.footstepsPrefix (footwalk_*);ps2_3:floor3.footstepsPrefix (footwalk_*),
sounds/footsteps/cracker/footwalk_cracker_f_PRE.m4a,_cracker,ps2_3:floor1.footstepsPrefix (footwalk_*);ps2_3:floor2.footstepsPrefix (footwalk_*);ps2_3:floor3.footstepsPrefix (footwalk_*),
sounds/footsteps/cracker/footwalk_cracker_g_PRE.m4a,_cracker,ps2_3:floor1.footstepsPrefix (footwalk_*);ps2_3:floor2.footstepsPrefix (footwalk_*);ps2_3:floor3.footstepsPrefix (footwalk_*),
sounds/footsteps/cracker/footwalk_cracker_h_PRE.m4a,_cracker,ps2_3:floor1.footstepsPrefix (footwalk_*);ps2_3:floor2.footstepsPrefix (footwalk_*);ps2_3:floor3.footstepsPrefix (footwalk_*),
sounds/footsteps/cracker/trip_stone_a_PRE.mp3,_cracker,,
sounds/footsteps/cracker/trip_stone_b_PRE.mp3,_cracker,,
sounds/footsteps/cracker/trip_stone_c_PRE.mp3,_cracker,,
sounds/footsteps/creakywood/footrun_creakywood_a_PRE.m4a,_creakywood,ps2_1:Room.footstepsPrefix (footrun_*);ps2_1:floor1.footstepsPrefix (footrun_*);ps2_1:floor2.footstepsPrefix (footrun_*);ps2_2:Room.footstepsPrefix (footrun_*);ps2_3:Room.footstepsPrefix (footrun_*);ps2_4:Room.footstepsPrefix (footrun_*);ps2_4:floor1.footstepsPrefix (footrun_*);ps2_4:floor2.footstepsPrefix (footrun_*);ps2_4:floor3.footstepsPrefix (footrun_*);ps2_4:floor4.footstepsPrefix (footrun_*);ps2_4:floor5.footstepsPrefix (footrun_*),
sounds/footsteps/creakywood/footrun_creakywood_b_PRE.m4a,_creakywood,ps2_1:Room.footstepsPrefix (footrun_*);ps2_1:floor1.footstepsPrefix (footrun_*);ps2_1:floor2.footstepsPrefix (footrun_*);ps2_2:Room.footstepsPrefix (footrun_*);ps2_3:Room.footstepsPrefix (footrun_*);ps2_4:Room.footstepsPrefix (footrun_*);ps2_4:floor1.footstepsPrefix (footrun_*);ps2_4:floor2.footstepsPrefix (footrun_*);ps2_4:floor3.footstepsPrefix (footrun_*);ps2_4:floor4.footstepsPrefix (footrun_*);ps2_4:floor5.footstepsPrefix (footrun_*),
sounds/footsteps/creakywood/footrun_creakywood_c_PRE.m4a,_creakywood,ps2_1:Room.footstepsPrefix (footrun_*);ps2_1:floor1.footstepsPrefix (footrun_*);ps2_1:floor2.footstepsPrefix (footrun_*);ps2_2:Room.footstepsPrefix (footrun_*);ps2_3:Room.footstepsPrefix (footrun_*);ps2_4:Room.footstepsPrefix (footrun_*);ps2_4:floor1.footstepsPrefix (footrun_*);ps2_4:floor2.footstepsPrefix (footrun_*);ps2_4:floor3.footstepsPrefix (footrun_*);ps2_4:floor4.footstepsPrefix (footrun_*);ps2_4:floor5.footstepsPrefix (footrun_*),
sounds/footsteps/creakywood/footrun_creakywood_d_PRE.m4a,_creakywood,ps2_1:Room.footstepsPrefix (footrun_*);ps2_1:floor1.footstepsPrefix (footrun_*);ps2_1:floor2.footstepsPrefix (footrun_*);ps2_2:Room.footstepsPrefix (footrun_*);ps2_3:Room.footstepsPrefix (footrun_*);ps2_4:Room.footstepsPrefix (footrun_*);ps2_4:floor1.footstepsPrefix (footrun_*);ps2_4:floor2.footstepsPrefix (footrun_*);ps2_4:floor3.footstepsPrefix (footrun_*);ps2_4:floor4.footstepsPrefix (footrun_*);ps2_4:floor5.footstepsPrefix (footrun_*),
sounds/footsteps/creakywood/footrun_creakywood_e_PRE.m4a,_creakywood,ps2_1:Room.footstepsPrefix (footrun_*);ps2_1:floor1.footstepsPrefix (footrun_*);ps2_1:floor2.footstepsPrefix (footrun_*);ps2_2:Room.footstepsPrefix (footrun_*);ps2_3:Room.footstepsPrefix (footrun_*);ps2_4:Room.footstepsPrefix (footrun_*);ps2_4:floor1.footstepsPrefix (footrun_*);ps2_4:floor2.footstepsPrefix (footrun_*);ps2_4:floor3.footstepsPrefix (footrun_*);ps2_4:floor4.footstepsPrefix (footrun_*);ps2_4:floor5.footstepsPrefix (footrun_*),
sounds/footsteps/creakywood/footrun_creakywood_f_PRE.m4a,_creakywood,ps2_1:Room.footstepsPrefix (footrun_*);ps2_1:floor1.footstepsPrefix (footrun_*);ps2_1:floor2.footstepsPrefix (footrun_*);ps2_2:Room.footstepsPrefix (footrun_*);ps2_3:Room.footstepsPrefix (footrun_*);ps2_4:Room.footstepsPrefix (footrun_*);ps2_4:floor1.footstepsPrefix (footrun_*);ps2_4:floor2.footstepsPrefix (footrun_*);ps2_4:floor3.footstepsPrefix (footrun_*);ps2_4:floor4.footstepsPrefix (footrun_*);ps2_4:floor5.footstepsPrefix (footrun_*),
sounds/footsteps/creakywood/footrun_creakywood_g_PRE.m4a,_creakywood,ps2_1:Room.footstepsPrefix (footrun_*);ps2_1:floor1.footstepsPrefix (footrun_*);ps2_1:floor2.footstepsPrefix (footrun_*);ps2_2:Room.footstepsPrefix (footrun_*);ps2_3:Room.footstepsPrefix (footrun_*);ps2_4:Room.footstepsPrefix (footrun_*);ps2_4:floor1.footstepsPrefix (footrun_*);ps2_4:floor2.footstepsPrefix (footrun_*);ps2_4:floor3.footstepsPrefix (footrun_*);ps2_4:floor4.footstepsPrefix (footrun_*);ps2_4:floor5.footstepsPrefix (footrun_*),
sounds/footsteps/creakywood/footrun_creakywood_h_PRE.m4a,_creakywood,ps2_1:Room.footstepsPrefix (footrun_*);ps2_1:floor1.footstepsPrefix (footrun_*);ps2_1:floor2.footstepsPrefix (footrun_*);ps2_2:Room.footstepsPrefix (footrun_*);ps2_3:Room.footstepsPrefix (footrun_*);ps2_4:Room.footstepsPrefix (footrun_*);ps2_4:floor1.footstepsPrefix (footrun_*);ps2_4:floor2.footstepsPrefix (footrun_*);ps2_4:floor3.footstepsPrefix (footrun_*);ps2_4:floor4.footstepsPrefix (footrun_*);ps2_4:floor5.footstepsPrefix (footrun_*),
sounds/footsteps/creakywood/footrun_creakywood_i_PRE.m4a,_creakywood,ps2_1:Room.footstepsPrefix (footrun_*);ps2_1:floor1.footstepsPrefix (footrun_*);ps2_1:floor2.footstepsPrefix (footrun_*);ps2_2:Room.footstepsPrefix (footrun_*);ps2_3:Room.footstepsPrefix (footrun_*);ps2_4:Room.footstepsPrefix (footrun_*);ps2_4:floor1.footstepsPrefix (footrun_*);ps2_4:floor2.footstepsPrefix (footrun_*);ps2_4:floor3.footstepsPrefix (footrun_*);ps2_4:floor4.footstepsPrefix (footrun_*);ps2_4:floor5.footstepsPrefix (footrun_*),
sounds/footsteps/creakywood/footrun_creakywood_j_PRE.m4a,_creakywood,ps2_1:Room.footstepsPrefix (footrun_*);ps2_1:floor1.footstepsPrefix (footrun_*);ps2_1:floor2.footstepsPrefix (footrun_*);ps2_2:Room.footstepsPrefix (footrun_*);ps2_3:Room.footstepsPrefix (footrun_*);ps2_4:Room.footstepsPrefix (footrun_*);ps2_4:floor1.footstepsPrefix (footrun_*);ps2_4:floor2.footstepsPrefix (footrun_*);ps2_4:floor3.footstepsPrefix (footrun_*);ps2_4:floor4.footstepsPrefix (footrun_*);ps2_4:floor5.footstepsPrefix (footrun_*),
sounds/footsteps/creakywood/footrun_creakywood_k_PRE.m4a,_creakywood,ps2_1:Room.footstepsPrefix (footrun_*);ps2_1:floor1.footstepsPrefix (footrun_*);ps2_1:floor2.footstepsPrefix (footrun_*);ps2_2:Room.footstepsPrefix (footrun_*);ps2_3:Room.footstepsPrefix (footrun_*);ps2_4:Room.footstepsPrefix (footrun_*);ps2_4:floor1.footstepsPrefix (footrun_*);ps2_4:floor2.footstepsPrefix (footrun_*);ps2_4:floor3.footstepsPrefix (footrun_*);ps2_4:floor4.footstepsPrefix (footrun_*);ps2_4:floor5.footstepsPrefix (footrun_*),
sounds/footsteps/creakywood/footrun_creakywood_l_PRE.m4a,_creakywood,ps2_1:Room.footstepsPrefix (footrun_*);ps2_1:floor1.footstepsPrefix (footrun_*);ps2_1:floor2.footstepsPrefix (footrun_*);ps2_2:Room.footstepsPrefix (footrun_*);ps2_3:Room.footstepsPrefix (footrun_*);ps2_4:Room.footstepsPrefix (footrun_*);ps2_4:floor1.footstepsPrefix (footrun_*);ps2_4:floor2.footstepsPrefix (footrun_*);ps2_4:floor3.footstepsPrefix (footrun_*);ps2_4:floor4.footstepsPrefix (footrun_*);ps2_4:floor5.footstepsPrefix (footrun_*),
sounds/footsteps/creakywood/footwalk_creakywood_a_PRE.m4a,_creakywood,ps2_1:Room.footstepsPrefix (footwalk_*);ps2_1:floor1.footstepsPrefix (footwalk_*);ps2_1:floor2.footstepsPrefix (footwalk_*);ps2_2:Room.footstepsPrefix (footwalk_*);ps2_3:Room.footstepsPrefix (footwalk_*);ps2_4:Room.footstepsPrefix (footwalk_*);ps2_4:floor1.footstepsPrefix (footwalk_*);ps2_4:floor2.footstepsPrefix (footwalk_*);ps2_4:floor3.footstepsPrefix (footwalk_*);ps2_4:floor4.footstepsPrefix (footwalk_*);ps2_4:floor5.footstepsPrefix (footwalk_*),
sounds/footsteps/creakywood/footwalk_creakywood_b_PRE.m4a,_creakywood,ps2_1:Room.footstepsPrefix (footwalk_*);ps2_1:floor1.footstepsPrefix (footwalk_*);ps2_1:floor2.footstepsPrefix (footwalk_*);ps2_2:Room.footstepsPrefix (footwalk_*);ps2_3:Room.footstepsPrefix (footwalk_*);ps2_4:Room.footstepsPrefix (footwalk_*);ps2_4:floor1.footstepsPrefix (footwalk_*);ps2_4:floor2.footstepsPrefix (footwalk_*);ps2_4:floor3.footstepsPrefix (footwalk_*);ps2_4:floor4.footstepsPrefix (footwalk_*);ps2_4:floor5.footstepsPrefix (footwalk_*),
sounds/footsteps/creakywood/footwalk_creakywood_c_PRE.m4a,_creakywood,ps2_1:Room.footstepsPrefix (footwalk_*);ps2_1:floor1.footstepsPrefix (footwalk_*);ps2_1:floor2.footstepsPrefix (footwalk_*);ps2_2:Room.footstepsPrefix (footwalk_*);ps2_3:Room.footstepsPrefix (footwalk_*);ps2_4:Room.footstepsPrefix (footwalk_*);ps2_4:floor1.footstepsPrefix (footwalk_*);ps2_4:floor2.footstepsPrefix (footwalk_*);ps2_4:floor3.footstepsPrefix (footwalk_*);ps2_4:floor4.footstepsPrefix (footwalk_*);ps2_4:floor5.footstepsPrefix (footwalk_*),
sounds/footsteps/creakywood/footwalk_creakywood_d_PRE.m4a,_creakywood,ps2_1:Room.footstepsPrefix (footwalk_*);ps2_1:floor1.footstepsPrefix (footwalk_*);ps2_1:floor2.footstepsPrefix (footwalk_*);ps2_2:Room.footstepsPrefix (footwalk_*);ps2_3:Room.footstepsPrefix (footwalk_*);ps2_4:Room.footstepsPrefix (footwalk_*);ps2_4:floor1.footstepsPrefix (footwalk_*);ps2_4:floor2.footstepsPrefix (footwalk_*);ps2_4:floor3.footstepsPrefix (footwalk_*);ps2_4:floor4.footstepsPrefix (footwalk_*);ps2_4:floor5.footstepsPrefix (footwalk_*),
sounds/footsteps/creakywood/footwalk_creakywood_e_PRE.m4a,_creakywood,ps2_1:Room.footstepsPrefix (footwalk_*);ps2_1:floor1.footstepsPrefix (footwalk_*);ps2_1:floor2.footstepsPrefix (footwalk_*);ps2_2:Room.footstepsPrefix (footwalk_*);ps2_3:Room.footstepsPrefix (footwalk_*);ps2_4:Room.footstepsPrefix (footwalk_*);ps2_4:floor1.footstepsPrefix (footwalk_*);ps2_4:floor2.footstepsPrefix (footwalk_*);ps2_4:floor3.footstepsPrefix (footwalk_*);ps2_4:floor4.footstepsPrefix (footwalk_*);ps2_4:floor5.footstepsPrefix (footwalk_*),
sounds/footsteps/creakywood/footwalk_creakywood_f_PRE.m4a,_creakywood,ps2_1:Room.footstepsPrefix (footwalk_*);ps2_1:floor1.footstepsPrefix (footwalk_*);ps2_1:floor2.footstepsPrefix (footwalk_*);ps2_2:Room.footstepsPrefix (footwalk_*);ps2_3:Room.footstepsPrefix (footwalk_*);ps2_4:Room.footstepsPrefix (footwalk_*);ps2_4:floor1.footstepsPrefix (footwalk_*);ps2_4:floor2.footstepsPrefix (footwalk_*);ps2_4:floor3.footstepsPrefix (footwalk_*);ps2_4:floor4.footstepsPrefix (footwalk_*);ps2_4:floor5.footstepsPrefix (footwalk_*),
sounds/footsteps/creakywood/footwalk_creakywood_g_PRE.m4a,_creakywood,ps2_1:Room.footstepsPrefix (footwalk_*);ps2_1:floor1.footstepsPrefix (footwalk_*);ps2_1:floor2.footstepsPrefix (footwalk_*);ps2_2:Room.footstepsPrefix (footwalk_*);ps2_3:Room.footstepsPrefix (footwalk_*);ps2_4:Room.footstepsPrefix (footwalk_*);ps2_4:floor1.footstepsPrefix (footwalk_*);ps2_4:floor2.footstepsPrefix (footwalk_*);ps2_4:floor3.footstepsPrefix (footwalk_*);ps2_4:floor4.footstepsPrefix (footwalk_*);ps2_4:floor5.footstepsPrefix (footwalk_*),
sounds/footsteps/creakywood/footwalk_creakywood_h_PRE.m4a,_creakywood,ps2_1:Room.footstepsPrefix (footwalk_*);ps2_1:floor1.footstepsPrefix (footwalk_*);ps2_1:floor2.footstepsPrefix (footwalk_*);ps2_2:Room.footstepsPrefix (footwalk_*);ps2_3:Room.footstepsPrefix (footwalk_*);ps2_4:Room.footstepsPrefix (footwalk_*);ps2_4:floor1.footstepsPrefix (footwalk_*);ps2_4:floor2.footstepsPrefix (footwalk_*);ps2_4:floor3.footstepsPrefix (footwalk_*);ps2_4:floor4.footstepsPrefix (footwalk_*);ps2_4:floor5.footstepsPrefix (footwalk_*),
sounds/footsteps/creakywood/footwalk_creakywood_i_PRE.m4a,_creakywood,ps2_1:Room.footstepsPrefix (footwalk_*);ps2_1:floor1.footstepsPrefix (footwalk_*);ps2_1:floor2.footstepsPrefix (footwalk_*);ps2_2:Room.footstepsPrefix (footwalk_*);ps2_3:Room.footstepsPrefix (footwalk_*);ps2_4:Room.footstepsPrefix (footwalk_*);ps2_4:floor1.footstepsPrefix (footwalk_*);ps2_4:floor2.footstepsPrefix (footwalk_*);ps2_4:floor3.footstepsPrefix (footwalk_*);ps2_4:floor4.footstepsPrefix (footwalk_*);ps2_4:floor5.footstepsPrefix (footwalk_*),
sounds/footsteps/creakywood/footwalk_creakywood_j_PRE.m4a,_creakywood,ps2_1:Room.footstepsPrefix (footwalk_*);ps2_1:floor1.footstepsPrefix (footwalk_*);ps2_1:floor2.footstepsPrefix (footwalk_*);ps2_2:Room.footstepsPrefix (footwalk_*);ps2_3:Room.footstepsPrefix (footwalk_*);ps2_4:Room.footstepsPrefix (footwalk_*);ps2_4:floor1.footstepsPrefix (footwalk_*);ps2_4:floor2.footstepsPrefix (footwalk_*);ps2_4:floor3.footstepsPrefix (footwalk_*);ps2_4:floor4.footstepsPrefix (footwalk_*);ps2_4:floor5.footstepsPrefix (footwalk_*),
sounds/footsteps/creakywood/footwalk_creakywood_k_PRE.m4a,_creakywood,ps2_1:Room.footstepsPrefix (footwalk_*);ps2_1:floor1.footstepsPrefix (footwalk_*);ps2_1:floor2.footstepsPrefix (footwalk_*);ps2_2:Room.footstepsPrefix (footwalk_*);ps2_3:Room.footstepsPrefix (footwalk_*);ps2_4:Room.footstepsPrefix (footwalk_*);ps2_4:floor1.footstepsPrefix (footwalk_*);ps2_4:floor2.footstepsPrefix (footwalk_*);ps2_4:floor3.footstepsPrefix (footwalk_*);ps2_4:floor4.footstepsPrefix (footwalk_*);ps2_4:floor5.footstepsPrefix (footwalk_*),
sounds/footsteps/creakywood/footwalk_creakywood_l_PRE.m4a,_creakywood,ps2_1:Room.footstepsPrefix (footwalk_*);ps2_1:floor1.footstepsPrefix (footwalk_*);ps2_1:floor2.footstepsPrefix (footwalk_*);ps2_2:Room.footstepsPrefix (footwalk_*);ps2_3:Room.footstepsPrefix (footwalk_*);ps2_4:Room.footstepsPrefix (footwalk_*);ps2_4:floor1.footstepsPrefix (footwalk_*);ps2_4:floor2.footstepsPrefix (footwalk_*);ps2_4:floor3.footstepsPrefix (footwalk_*);ps2_4:floor4.footstepsPrefix (footwalk_*);ps2_4:floor5.footstepsPrefix (footwalk_*),
sounds/footsteps/creakywood/footwalk_creakywood_m_PRE.m4a,_creakywood,ps2_1:Room.footstepsPrefix (footwalk_*);ps2_1:floor1.footstepsPrefix (footwalk_*);ps2_1:floor2.footstepsPrefix (footwalk_*);ps2_2:Room.footstepsPrefix (footwalk_*);ps2_3:Room.footstepsPrefix (footwalk_*);ps2_4:Room.footstepsPrefix (footwalk_*);ps2_4:floor1.footstepsPrefix (footwalk_*);ps2_4:floor2.footstepsPrefix (footwalk_*);ps2_4:floor3.footstepsPrefix (footwalk_*);ps2_4:floor4.footstepsPrefix (footwalk_*);ps2_4:floor5.footstepsPrefix (footwalk_*),
sounds/footsteps/creakywood/footwalk_creakywood_n_PRE.m4a,_creakywood,ps2_1:Room.footstepsPrefix (footwalk_*);ps2_1:floor1.footstepsPrefix (footwalk_*);ps2_1:floor2.footstepsPrefix (footwalk_*);ps2_2:Room.footstepsPrefix (footwalk_*);ps2_3:Room.footstepsPrefix (footwalk_*);ps2_4:Room.footstepsPrefix (footwalk_*);ps2_4:floor1.footstepsPrefix (footwalk_*);ps2_4:floor2.footstepsPrefix (footwalk_*);ps2_4:floor3.footstepsPrefix (footwalk_*);ps2_4:floor4.footstepsPrefix (footwalk_*);ps2_4:floor5.footstepsPrefix (footwalk_*),
sounds/footsteps/creakywood/footwalk_creakywood_o_PRE.m4a,_creakywood,ps2_1:Room.footstepsPrefix (footwalk_*);ps2_1:floor1.footstepsPrefix (footwalk_*);ps2_1:floor2.footstepsPrefix (footwalk_*);ps2_2:Room.footstepsPrefix (footwalk_*);ps2_3:Room.footstepsPrefix (footwalk_*);ps2_4:Room.footstepsPrefix (footwalk_*);ps2_4:floor1.footstepsPrefix (footwalk_*);ps2_4:floor2.footstepsPrefix (footwalk_*);ps2_4:floor3.footstepsPrefix (footwalk_*);ps2_4:floor4.footstepsPrefix (footwalk_*);ps2_4:floor5.footstepsPrefix (footwalk_*),
sounds/footsteps/creakywood/footwalk_creakywood_p_PRE.m4a,_creakywood,ps2_1:Room.footstepsPrefix (footwalk_*);ps2_1:floor1.footstepsPrefix (footwalk_*);ps2_1:floor2.footstepsPrefix (footwalk_*);ps2_2:Room.footstepsPrefix (footwalk_*);ps2_3:Room.footstepsPrefix (footwalk_*);ps2_4:Room.footstepsPrefix (footwalk_*);ps2_4:floor1.footstepsPrefix (footwalk_*);ps2_4:floor2.footstepsPrefix (footwalk_*);ps2_4:floor3.footstepsPrefix (footwalk_*);ps2_4:floor4.footstepsPrefix (footwalk_*);ps2_4:floor5.footstepsPrefix (footwalk_*),
sounds/footsteps/creakywood/footwalk_creakywood_q_PRE.m4a,_creakywood,ps2_1:Room.footstepsPrefix (footwalk_*);ps2_1:floor1.footstepsPrefix (footwalk_*);ps2_1:floor2.footstepsPrefix (footwalk_*);ps2_2:Room.footstepsPrefix (footwalk_*);ps2_3:Room.footstepsPrefix (footwalk_*);ps2_4:Room.footstepsPrefix (footwalk_*);ps2_4:floor1.footstepsPrefix (footwalk_*);ps2_4:floor2.footstepsPrefix (footwalk_*);ps2_4:floor3.footstepsPrefix (footwalk_*);ps2_4:floor4.footstepsPrefix (footwalk_*);ps2_4:floor5.footstepsPrefix (footwalk_*),
sounds/footsteps/creakywood/footwalk_creakywood_r_PRE.m4a,_creakywood,ps2_1:Room.footstepsPrefix (footwalk_*);ps2_1:floor1.footstepsPrefix (footwalk_*);ps2_1:floor2.footstepsPrefix (footwalk_*);ps2_2:Room.footstepsPrefix (footwalk_*);ps2_3:Room.footstepsPrefix (footwalk_*);ps2_4:Room.footstepsPrefix (footwalk_*);ps2_4:floor1.footstepsPrefix (footwalk_*);ps2_4:floor2.footstepsPrefix (footwalk_*);ps2_4:floor3.footstepsPrefix (footwalk_*);ps2_4:floor4.footstepsPrefix (footwalk_*);ps2_4:floor5.footstepsPrefix (footwalk_*),
sounds/footsteps/creakywood/trip_creakywood_a_PRE.m4a,_creakywood,ps2_1:Room.footstepsPrefix (trip_*);ps2_1:floor1.footstepsPrefix (trip_*);ps2_1:floor2.footstepsPrefix (trip_*);ps2_2:Room.footstepsPrefix (trip_*);ps2_3:Room.footstepsPrefix (trip_*);ps2_4:Room.footstepsPrefix (trip_*);ps2_4:floor1.footstepsPrefix (trip_*);ps2_4:floor2.footstepsPrefix (trip_*);ps2_4:floor3.footstepsPrefix (trip_*);ps2_4:floor4.footstepsPrefix (trip_*);ps2_4:floor5.footstepsPrefix (trip_*),
sounds/footsteps/creakywood/trip_creakywood_b_PRE.m4a,_creakywood,ps2_1:Room.footstepsPrefix (trip_*);ps2_1:floor1.footstepsPrefix (trip_*);ps2_1:floor2.footstepsPrefix (trip_*);ps2_2:Room.footstepsPrefix (trip_*);ps2_3:Room.footstepsPrefix (trip_*);ps2_4:Room.footstepsPrefix (trip_*);ps2_4:floor1.footstepsPrefix (trip_*);ps2_4:floor2.footstepsPrefix (trip_*);ps2_4:floor3.footstepsPrefix (trip_*);ps2_4:floor4.footstepsPrefix (trip_*);ps2_4:floor5.footstepsPrefix (trip_*),
sounds/footsteps/creakywood/trip_creakywood_c_PRE.m4a,_creakywood,ps2_1:Room.footstepsPrefix (trip_*);ps2_1:floor1.footstepsPrefix (trip_*);ps2_1:floor2.footstepsPrefix (trip_*);ps2_2:Room.footstepsPrefix (trip_*);ps2_3:Room.footstepsPrefix (trip_*);ps2_4:Room.footstepsPrefix (trip_*);ps2_4:floor1.footstepsPrefix (trip_*);ps2_4:floor2.footstepsPrefix (trip_*);ps2_4:floor3.footstepsPrefix (trip_*);ps2_4:floor4.footstepsPrefix (trip_*);ps2_4:floor5.footstepsPrefix (trip_*),
sounds/footsteps/glass/footrun_glass_a_PRE.m4a,_glass,ps2_16:Room.footstepsPrefix (footrun_*);ps2_16:glass1.footstepsPrefix (footrun_*);ps2_16:glass2.footstepsPrefix (footrun_*);ps2_16:glass3.footstepsPrefix (footrun_*);ps2_16:surface1.footstepsPrefix (footrun_*);ps2_1:glass1.footstepsPrefix (footrun_*);ps2_2:glass1.footstepsPrefix (footrun_*);ps2_2:glass2.footstepsPrefix (footrun_*);ps2_5:glass1.footstepsPrefix (footrun_*);ps2_5:glass2.footstepsPrefix (footrun_*),
sounds/footsteps/glass/footrun_glass_b_PRE.m4a,_glass,ps2_16:Room.footstepsPrefix (footrun_*);ps2_16:glass1.footstepsPrefix (footrun_*);ps2_16:glass2.footstepsPrefix (footrun_*);ps2_16:glass3.footstepsPrefix (footrun_*);ps2_16:surface1.footstepsPrefix (footrun_*);ps2_1:glass1.footstepsPrefix (footrun_*);ps2_2:glass1.footstepsPrefix (footrun_*);ps2_2:glass2.footstepsPrefix (footrun_*);ps2_5:glass1.footstepsPrefix (footrun_*);ps2_5:glass2.footstepsPrefix (footrun_*),
sounds/footsteps/glass/footrun_glass_c_PRE.m4a,_glass,ps2_16:Room.footstepsPrefix (footrun_*);ps2_16:glass1.footstepsPrefix (footrun_*);ps2_16:glass2.footstepsPrefix (footrun_*);ps2_16:glass3.footstepsPrefix (footrun_*);ps2_16:surface1.footstepsPrefix (footrun_*);ps2_1:glass1.footstepsPrefix (footrun_*);ps2_2:glass1.footstepsPrefix (footrun_*);ps2_2:glass2.footstepsPrefix (footrun_*);ps2_5:glass1.footstepsPrefix (footrun_*);ps2_5:glass2.footstepsPrefix (footrun_*),
sounds/footsteps/glass/footrun_glass_d_PRE.m4a,_glass,ps2_16:Room.footstepsPrefix (footrun_*);ps2_16:glass1.footstepsPrefix (footrun_*);ps2_16:glass2.footstepsPrefix (footrun_*);ps2_16:glass3.footstepsPrefix (footrun_*);ps2_16:surface1.footstepsPrefix (footrun_*);ps2_1:glass1.footstepsPrefix (footrun_*);ps2_2:glass1.footstepsPrefix (footrun_*);ps2_2:glass2.footstepsPrefix (footrun_*);ps2_5:glass1.footstepsPrefix (footrun_*);ps2_5:glass2.footstepsPrefix (footrun_*),
sounds/footsteps/glass/footrun_glass_e_PRE.m4a,_glass,ps2_16:Room.footstepsPrefix (footrun_*);ps2_16:glass1.footstepsPrefix (footrun_*);ps2_16:glass2.footstepsPrefix (footrun_*);ps2_16:glass3.footstepsPrefix (footrun_*);ps2_16:surface1.footstepsPrefix (footrun_*);ps2_1:glass1.footstepsPrefix (footrun_*);ps2_2:glass1.footstepsPrefix (footrun_*);ps2_2:glass2.footstepsPrefix (footrun_*);ps2_5:glass1.footstepsPrefix (footrun_*);ps2_5:glass2.footstepsPrefix (footrun_*),
sounds/footsteps/glass/footrun_glass_f_PRE.m4a,_glass,ps2_16:Room.footstepsPrefix (footrun_*);ps2_16:glass1.footstepsPrefix (footrun_*);ps2_16:glass2.footstepsPrefix (footrun_*);ps2_16:glass3.footstepsPrefix (footrun_*);ps2_16:surface1.footstepsPrefix (footrun_*);ps2_1:glass1.footstepsPrefix (footrun_*);ps2_2:glass1.footstepsPrefix (footrun_*);ps2_2:glass2.footstepsPrefix (footrun_*);ps2_5:glass1.footstepsPrefix (footrun_*);ps2_5:glass2.footstepsPrefix (footrun_*),
sounds/footsteps/glass/footrun_glass_g_PRE.m4a,_glass,ps2_16:Room.footstepsPrefix (footrun_*);ps2_16:glass1.footstepsPrefix (footrun_*);ps2_16:glass2.footstepsPrefix (footrun_*);ps2_16:glass3.footstepsPrefix (footrun_*);ps2_16:surface1.footstepsPrefix (footrun_*);ps2_1:glass1.footstepsPrefix (footrun_*);ps2_2:glass1.footstepsPrefix (footrun_*);ps2_2:glass2.footstepsPrefix (footrun_*);ps2_5:glass1.footstepsPrefix (footrun_*);ps2_5:glass2.footstepsPrefix (footrun_*),
sounds/footsteps/glass/footrun_glass_h_PRE.m4a,_glass,ps2_16:Room.footstepsPrefix (footrun_*);ps2_16:glass1.footstepsPrefix (footrun_*);ps2_16:glass2.footstepsPrefix (footrun_*);ps2_16:glass3.footstepsPrefix (footrun_*);ps2_16:surface1.footstepsPrefix (footrun_*);ps2_1:glass1.footstepsPrefix (footrun_*);ps2_2:glass1.footstepsPrefix (footrun_*);ps2_2:glass2.footstepsPrefix (footrun_*);ps2_5:glass1.footstepsPrefix (footrun_*);ps2_5:glass2.footstepsPrefix (footrun_*),
sounds/footsteps/glass/footwalk_glass_a_PRE.m4a,_glass,ps2_16:Room.footstepsPrefix (footwalk_*);ps2_16:glass1.footstepsPrefix (footwalk_*);ps2_16:glass2.footstepsPrefix (footwalk_*);ps2_16:glass3.footstepsPrefix (footwalk_*);ps2_16:surface1.footstepsPrefix (footwalk_*);ps2_1:glass1.footstepsPrefix (footwalk_*);ps2_2:glass1.footstepsPrefix (footwalk_*);ps2_2:glass2.footstepsPrefix (footwalk_*);ps2_5:glass1.footstepsPrefix (footwalk_*);ps2_5:glass2.footstepsPrefix (footwalk_*),
sounds/footsteps/glass/footwalk_glass_b_PRE.m4a,_glass,ps2_16:Room.footstepsPrefix (footwalk_*);ps2_16:glass1.footstepsPrefix (footwalk_*);ps2_16:glass2.footstepsPrefix (footwalk_*);ps2_16:glass3.footstepsPrefix (footwalk_*);ps2_16:surface1.footstepsPrefix (footwalk_*);ps2_1:glass1.footstepsPrefix (footwalk_*);ps2_2:glass1.footstepsPrefix (footwalk_*);ps2_2:glass2.footstepsPrefix (footwalk_*);ps2_5:glass1.footstepsPrefix (footwalk_*);ps2_5:glass2.footstepsPrefix (footwalk_*),
sounds/footsteps/glass/footwalk_glass_c_PRE.m4a,_glass,ps2_16:Room.footstepsPrefix (footwalk_*);ps2_16:glass1.footstepsPrefix (footwalk_*);ps2_16:glass2.footstepsPrefix (footwalk_*);ps2_16:glass3.footstepsPrefix (footwalk_*);ps2_16:surface1.footstepsPrefix (footwalk_*);ps2_1:glass1.footstepsPrefix (footwalk_*);ps2_2:glass1.footstepsPrefix (footwalk_*);ps2_2:glass2.footstepsPrefix (footwalk_*);ps2_5:glass1.footstepsPrefix (footwalk_*);ps2_5:glass2.footstepsPrefix (footwalk_*),
sounds/footsteps/glass/footwalk_glass_d_PRE.m4a,_glass,ps2_16:Room.footstepsPrefix (footwalk_*);ps2_16:glass1.footstepsPrefix (footwalk_*);ps2_16:glass2.footstepsPrefix (footwalk_*);ps2_16:glass3.footstepsPrefix (footwalk_*);ps2_16:surface1.footstepsPrefix (footwalk_*);ps2_1:glass1.footstepsPrefix (footwalk_*);ps2_2:glass1.footstepsPrefix (footwalk_*);ps2_2:glass2.footstepsPrefix (footwalk_*);ps2_5:glass1.footstepsPrefix (footwalk_*);ps2_5:glass2.footstepsPrefix (footwalk_*),
sounds/footsteps/glass/footwalk_glass_e_PRE.m4a,_glass,ps2_16:Room.footstepsPrefix (footwalk_*);ps2_16:glass1.footstepsPrefix (footwalk_*);ps2_16:glass2.footstepsPrefix (footwalk_*);ps2_16:glass3.footstepsPrefix (footwalk_*);ps2_16:surface1.footstepsPrefix (footwalk_*);ps2_1:glass1.footstepsPrefix (footwalk_*);ps2_2:glass1.footstepsPrefix (footwalk_*);ps2_2:glass2.footstepsPrefix (footwalk_*);ps2_5:glass1.footstepsPrefix (footwalk_*);ps2_5:glass2.footstepsPrefix (footwalk_*),
sounds/footsteps/glass/footwalk_glass_f_PRE.m4a,_glass,ps2_16:Room.footstepsPrefix (footwalk_*);ps2_16:glass1.footstepsPrefix (footwalk_*);ps2_16:glass2.footstepsPrefix (footwalk_*);ps2_16:glass3.footstepsPrefix (footwalk_*);ps2_16:surface1.footstepsPrefix (footwalk_*);ps2_1:glass1.footstepsPrefix (footwalk_*);ps2_2:glass1.footstepsPrefix (footwalk_*);ps2_2:glass2.footstepsPrefix (footwalk_*);ps2_5:glass1.footstepsPrefix (footwalk_*);ps2_5:glass2.footstepsPrefix (footwalk_*),
sounds/footsteps/glass/footwalk_glass_g_PRE.m4a,_glass,ps2_16:Room.footstepsPrefix (footwalk_*);ps2_16:glass1.footstepsPrefix (footwalk_*);ps2_16:glass2.footstepsPrefix (footwalk_*);ps2_16:glass3.footstepsPrefix (footwalk_*);ps2_16:surface1.footstepsPrefix (footwalk_*);ps2_1:glass1.footstepsPrefix (footwalk_*);ps2_2:glass1.footstepsPrefix (footwalk_*);ps2_2:glass2.footstepsPrefix (footwalk_*);ps2_5:glass1.footstepsPrefix (footwalk_*);ps2_5:glass2.footstepsPrefix (footwalk_*),
sounds/footsteps/glass/footwalk_glass_h_PRE.m4a,_glass,ps2_16:Room.footstepsPrefix (footwalk_*);ps2_16:glass1.footstepsPrefix (footwalk_*);ps2_16:glass2.footstepsPrefix (footwalk_*);ps2_16:glass3.footstepsPrefix (footwalk_*);ps2_16:surface1.footstepsPrefix (footwalk_*);ps2_1:glass1.footstepsPrefix (footwalk_*);ps2_2:glass1.footstepsPrefix (footwalk_*);ps2_2:glass2.footstepsPrefix (footwalk_*);ps2_5:glass1.footstepsPrefix (footwalk_*);ps2_5:glass2.footstepsPrefix (footwalk_*),
sounds/footsteps/grass/footrun_grass_a_PRE.mp3,_grass,ps2_14:Room.footstepsPrefix (footrun_*);ps2_14:bloc_entrance.footstepsPrefix (footrun_*);ps2_14:keep_running_surface.footstepsPrefix (footrun_*);ps2_14:not_deadly_banging_surface.footstepsPrefix (footrun_*);ps2_14:tripwire1.footstepsPrefix (footrun_*);ps2_14:tripwire2.footstepsPrefix (footrun_*);ps2_14:tripwire3.footstepsPrefix (footrun_*);ps2_14:tripwire4.footstepsPrefix (footrun_*);ps2_14:tripwire_banging_exit_surface.footstepsPrefix (footrun_*);ps2_14:tripwire_banging_surface.footstepsPrefix (footrun_*);ps2_14:tripwire_can.footstepsPrefix (footrun_*);ps2_14:tripwire_choice_surface.footstepsPrefix (footrun_*);ps2_14:tripwire_decline_rescue.footstepsPrefix (footrun_*);ps2_14:tripwire_firework.footstepsPrefix (footrun_*);ps2_14:warning3.footstepsPrefix (footrun_*);ps2_14:warning4.footstepsPrefix (footrun_*);ps2_7:Room.footstepsPrefix (footrun_*);ps2_7:Surface.footstepsPrefix (footrun_*);ps2_7:safe1.footstepsPrefix (footrun_*);ps2_7:safe2.footstepsPrefix (footrun_*);ps2_7:warning3a.footstepsPrefix (footrun_*);ps2_7:warning4a.footstepsPrefix (footrun_*),
sounds/footsteps/grass/footrun_grass_b_PRE.mp3,_grass,ps2_14:Room.footstepsPrefix (footrun_*);ps2_14:bloc_entrance.footstepsPrefix (footrun_*);ps2_14:keep_running_surface.footstepsPrefix (footrun_*);ps2_14:not_deadly_banging_surface.footstepsPrefix (footrun_*);ps2_14:tripwire1.footstepsPrefix (footrun_*);ps2_14:tripwire2.footstepsPrefix (footrun_*);ps2_14:tripwire3.footstepsPrefix (footrun_*);ps2_14:tripwire4.footstepsPrefix (footrun_*);ps2_14:tripwire_banging_exit_surface.footstepsPrefix (footrun_*);ps2_14:tripwire_banging_surface.footstepsPrefix (footrun_*);ps2_14:tripwire_can.footstepsPrefix (footrun_*);ps2_14:tripwire_choice_surface.footstepsPrefix (footrun_*);ps2_14:tripwire_decline_rescue.footstepsPrefix (footrun_*);ps2_14:tripwire_firework.footstepsPrefix (footrun_*);ps2_14:warning3.footstepsPrefix (footrun_*);ps2_14:warning4.footstepsPrefix (footrun_*);ps2_7:Room.footstepsPrefix (footrun_*);ps2_7:Surface.footstepsPrefix (footrun_*);ps2_7:safe1.footstepsPrefix (footrun_*);ps2_7:safe2.footstepsPrefix (footrun_*);ps2_7:warning3a.footstepsPrefix (footrun_*);ps2_7:warning4a.footstepsPrefix (footrun_*),
sounds/footsteps/grass/footrun_grass_c_PRE.mp3,_grass,ps2_14:Room.footstepsPrefix (footrun_*);ps2_14:bloc_entrance.footstepsPrefix (footrun_*);ps2_14:keep_running_surface.footstepsPrefix (footrun_*);ps2_14:not_deadly_banging_surface.footstepsPrefix (footrun_*);ps2_14:tripwire1.footstepsPrefix (footrun_*);ps2_14:tripwire2.footstepsPrefix (footrun_*);ps2_14:tripwire3.footstepsPrefix (footrun_*);ps2_14:tripwire4.footstepsPrefix (footrun_*);ps2_14:tripwire_banging_exit_surface.footstepsPrefix (footrun_*);ps2_14:tripwire_banging_surface.footstepsPrefix (footrun_*);ps2_14:tripwire_can.footstepsPrefix (footrun_*);ps2_14:tripwire_choice_surface.footstepsPrefix (footrun_*);ps2_14:tripwire_decline_rescue.footstepsPrefix (footrun_*);ps2_14:tripwire_firework.footstepsPrefix (footrun_*);ps2_14:warning3.footstepsPrefix (footrun_*);ps2_14:warning4.footstepsPrefix (footrun_*);ps2_7:Room.footstepsPrefix (footrun_*);ps2_7:Surface.footstepsPrefix (footrun_*);ps2_7:safe1.footstepsPrefix (footrun_*);ps2_7:safe2.footstepsPrefix (footrun_*);ps2_7:warning3a.footstepsPrefix (footrun_*);ps2_7:warning4a.footstepsPrefix (footrun_*),
sounds/footsteps/grass/footrun_grass_d_PRE.mp3,_grass,ps2_14:Room.footstepsPrefix (footrun_*);ps2_14:bloc_entrance.footstepsPrefix (footrun_*);ps2_14:keep_running_surface.footstepsPrefix (footrun_*);ps2_14:not_deadly_banging_surface.footstepsPrefix (footrun_*);ps2_14:tripwire1.footstepsPrefix (footrun_*);ps2_14:tripwire2.footstepsPrefix (footrun_*);ps2_14:tripwire3.footstepsPrefix (footrun_*);ps2_14:tripwire4.footstepsPrefix (footrun_*);ps2_14:tripwire_banging_exit_surface.footstepsPrefix (footrun_*);ps2_14:tripwire_banging_surface.footstepsPrefix (footrun_*);ps2_14:tripwire_can.footstepsPrefix (footrun_*);ps2_14:tripwire_choice_surface.footstepsPrefix (footrun_*);ps2_14:tripwire_decline_rescue.footstepsPrefix (footrun_*);ps2_14:tripwire_firework.footstepsPrefix (footrun_*);ps2_14:warning3.footstepsPrefix (footrun_*);ps2_14:warning4.footstepsPrefix (footrun_*);ps2_7:Room.footstepsPrefix (footrun_*);ps2_7:Surface.footstepsPrefix (footrun_*);ps2_7:safe1.footstepsPrefix (footrun_*);ps2_7:safe2.footstepsPrefix (footrun_*);ps2_7:warning3a.footstepsPrefix (footrun_*);ps2_7:warning4a.footstepsPrefix (footrun_*),
sounds/footsteps/grass/footwalk_grass_a_PRE.mp3,_grass,ps2_14:Room.footstepsPrefix (footwalk_*);ps2_14:bloc_entrance.footstepsPrefix (footwalk_*);ps2_14:keep_running_surface.footstepsPrefix (footwalk_*);ps2_14:not_deadly_banging_surface.footstepsPrefix (footwalk_*);ps2_14:tripwire1.footstepsPrefix (footwalk_*);ps2_14:tripwire2.footstepsPrefix (footwalk_*);ps2_14:tripwire3.footstepsPrefix (footwalk_*);ps2_14:tripwire4.footstepsPrefix (footwalk_*);ps2_14:tripwire_banging_exit_surface.footstepsPrefix (footwalk_*);ps2_14:tripwire_banging_surface.footstepsPrefix (footwalk_*);ps2_14:tripwire_can.footstepsPrefix (footwalk_*);ps2_14:tripwire_choice_surface.footstepsPrefix (footwalk_*);ps2_14:tripwire_decline_rescue.footstepsPrefix (footwalk_*);ps2_14:tripwire_firework.footstepsPrefix (footwalk_*);ps2_14:warning3.footstepsPrefix (footwalk_*);ps2_14:warning4.footstepsPrefix (footwalk_*);ps2_7:Room.footstepsPrefix (footwalk_*);ps2_7:Surface.footstepsPrefix (footwalk_*);ps2_7:safe1.footstepsPrefix (footwalk_*);ps2_7:safe2.footstepsPrefix (footwalk_*);ps2_7:warning3a.footstepsPrefix (footwalk_*);ps2_7:warning4a.footstepsPrefix (footwalk_*),
sounds/footsteps/grass/footwalk_grass_b_PRE.mp3,_grass,ps2_14:Room.footstepsPrefix (footwalk_*);ps2_14:bloc_entrance.footstepsPrefix (footwalk_*);ps2_14:keep_running_surface.footstepsPrefix (footwalk_*);ps2_14:not_deadly_banging_surface.footstepsPrefix (footwalk_*);ps2_14:tripwire1.footstepsPrefix (footwalk_*);ps2_14:tripwire2.footstepsPrefix (footwalk_*);ps2_14:tripwire3.footstepsPrefix (footwalk_*);ps2_14:tripwire4.footstepsPrefix (footwalk_*);ps2_14:tripwire_banging_exit_surface.footstepsPrefix (footwalk_*);ps2_14:tripwire_banging_surface.footstepsPrefix (footwalk_*);ps2_14:tripwire_can.footstepsPrefix (footwalk_*);ps2_14:tripwire_choice_surface.footstepsPrefix (footwalk_*);ps2_14:tripwire_decline_rescue.footstepsPrefix (footwalk_*);ps2_14:tripwire_firework.footstepsPrefix (footwalk_*);ps2_14:warning3.footstepsPrefix (footwalk_*);ps2_14:warning4.footstepsPrefix (footwalk_*);ps2_7:Room.footstepsPrefix (footwalk_*);ps2_7:Surface.footstepsPrefix (footwalk_*);ps2_7:safe1.footstepsPrefix (footwalk_*);ps2_7:safe2.footstepsPrefix (footwalk_*);ps2_7:warning3a.footstepsPrefix (footwalk_*);ps2_7:warning4a.footstepsPrefix (footwalk_*),
sounds/footsteps/grass/footwalk_grass_c_PRE.mp3,_grass,ps2_14:Room.footstepsPrefix (footwalk_*);ps2_14:bloc_entrance.footstepsPrefix (footwalk_*);ps2_14:keep_running_surface.footstepsPrefix (footwalk_*);ps2_14:not_deadly_banging_surface.footstepsPrefix (footwalk_*);ps2_14:tripwire1.footstepsPrefix (footwalk_*);ps2_14:tripwire2.footstepsPrefix (footwalk_*);ps2_14:tripwire3.footstepsPrefix (footwalk_*);ps2_14:tripwire4.footstepsPrefix (footwalk_*);ps2_14:tripwire_banging_exit_surface.footstepsPrefix (footwalk_*);ps2_14:tripwire_banging_surface.footstepsPrefix (footwalk_*);ps2_14:tripwire_can.footstepsPrefix (footwalk_*);ps2_14:tripwire_choice_surface.footstepsPrefix (footwalk_*);ps2_14:tripwire_decline_rescue.footstepsPrefix (footwalk_*);ps2_14:tripwire_firework.footstepsPrefix (footwalk_*);ps2_14:warning3.footstepsPrefix (footwalk_*);ps2_14:warning4.footstepsPrefix (footwalk_*);ps2_7:Room.footstepsPrefix (footwalk_*);ps2_7:Surface.footstepsPrefix (footwalk_*);ps2_7:safe1.footstepsPrefix (footwalk_*);ps2_7:safe2.footstepsPrefix (footwalk_*);ps2_7:warning3a.footstepsPrefix (footwalk_*);ps2_7:warning4a.footstepsPrefix (footwalk_*),
sounds/footsteps/grass/footwalk_grass_d_PRE.mp3,_grass,ps2_14:Room.footstepsPrefix (footwalk_*);ps2_14:bloc_entrance.footstepsPrefix (footwalk_*);ps2_14:keep_running_surface.footstepsPrefix (footwalk_*);ps2_14:not_deadly_banging_surface.footstepsPrefix (footwalk_*);ps2_14:tripwire1.footstepsPrefix (footwalk_*);ps2_14:tripwire2.footstepsPrefix (footwalk_*);ps2_14:tripwire3.footstepsPrefix (footwalk_*);ps2_14:tripwire4.footstepsPrefix (footwalk_*);ps2_14:tripwire_banging_exit_surface.footstepsPrefix (footwalk_*);ps2_14:tripwire_banging_surface.footstepsPrefix (footwalk_*);ps2_14:tripwire_can.footstepsPrefix (footwalk_*);ps2_14:tripwire_choice_surface.footstepsPrefix (footwalk_*);ps2_14:tripwire_decline_rescue.footstepsPrefix (footwalk_*);ps2_14:tripwire_firework.footstepsPrefix (footwalk_*);ps2_14:warning3.footstepsPrefix (footwalk_*);ps2_14:warning4.footstepsPrefix (footwalk_*);ps2_7:Room.footstepsPrefix (footwalk_*);ps2_7:Surface.footstepsPrefix (footwalk_*);ps2_7:safe1.footstepsPrefix (footwalk_*);ps2_7:safe2.footstepsPrefix (footwalk_*);ps2_7:warning3a.footstepsPrefix (footwalk_*);ps2_7:warning4a.footstepsPrefix (footwalk_*),
sounds/footsteps/grass/trip_grass_a_PRE.m4a,_grass,ps2_14:Room.footstepsPrefix (trip_*);ps2_14:bloc_entrance.footstepsPrefix (trip_*);ps2_14:keep_running_surface.footstepsPrefix (trip_*);ps2_14:not_deadly_banging_surface.footstepsPrefix (trip_*);ps2_14:tripwire1.footstepsPrefix (trip_*);ps2_14:tripwire2.footstepsPrefix (trip_*);ps2_14:tripwire3.footstepsPrefix (trip_*);ps2_14:tripwire4.footstepsPrefix (trip_*);ps2_14:tripwire_banging_exit_surface.footstepsPrefix (trip_*);ps2_14:tripwire_banging_surface.footstepsPrefix (trip_*);ps2_14:tripwire_can.footstepsPrefix (trip_*);ps2_14:tripwire_choice_surface.footstepsPrefix (trip_*);ps2_14:tripwire_decline_rescue.footstepsPrefix (trip_*);ps2_14:tripwire_firework.footstepsPrefix (trip_*);ps2_14:warning3.footstepsPrefix (trip_*);ps2_14:warning4.footstepsPrefix (trip_*);ps2_7:Room.footstepsPrefix (trip_*);ps2_7:Surface.footstepsPrefix (trip_*);ps2_7:safe1.footstepsPrefix (trip_*);ps2_7:safe2.footstepsPrefix (trip_*);ps2_7:warning3a.footstepsPrefix (trip_*);ps2_7:warning4a.footstepsPrefix (trip_*),
sounds/footsteps/grass/trip_grass_b_PRE.m4a,_grass,ps2_14:Room.footstepsPrefix (trip_*);ps2_14:bloc_entrance.footstepsPrefix (trip_*);ps2_14:keep_running_surface.footstepsPrefix (trip_*);ps2_14:not_deadly_banging_surface.footstepsPrefix (trip_*);ps2_14:tripwire1.footstepsPrefix (trip_*);ps2_14:tripwire2.footstepsPrefix (trip_*);ps2_14:tripwire3.footstepsPrefix (trip_*);ps2_14:tripwire4.footstepsPrefix (trip_*);ps2_14:tripwire_banging_exit_surface.footstepsPrefix (trip_*);ps2_14:tripwire_banging_surface.footstepsPrefix (trip_*);ps2_14:tripwire_can.footstepsPrefix (trip_*);ps2_14:tripwire_choice_surface.footstepsPrefix (trip_*);ps2_14:tripwire_decline_rescue.footstepsPrefix (trip_*);ps2_14:tripwire_firework.footstepsPrefix (trip_*);ps2_14:warning3.footstepsPrefix (trip_*);ps2_14:warning4.footstepsPrefix (trip_*);ps2_7:Room.footstepsPrefix (trip_*);ps2_7:Surface.footstepsPrefix (trip_*);ps2_7:safe1.footstepsPrefix (trip_*);ps2_7:safe2.footstepsPrefix (trip_*);ps2_7:warning3a.footstepsPrefix (trip_*);ps2_7:warning4a.footstepsPrefix (trip_*),
sounds/footsteps/grass/trip_grass_c_PRE.m4a,_grass,ps2_14:Room.footstepsPrefix (trip_*);ps2_14:bloc_entrance.footstepsPrefix (trip_*);ps2_14:keep_running_surface.footstepsPrefix (trip_*);ps2_14:not_deadly_banging_surface.footstepsPrefix (trip_*);ps2_14:tripwire1.footstepsPrefix (trip_*);ps2_14:tripwire2.footstepsPrefix (trip_*);ps2_14:tripwire3.footstepsPrefix (trip_*);ps2_14:tripwire4.footstepsPrefix (trip_*);ps2_14:tripwire_banging_exit_surface.footstepsPrefix (trip_*);ps2_14:tripwire_banging_surface.footstepsPrefix (trip_*);ps2_14:tripwire_can.footstepsPrefix (trip_*);ps2_14:tripwire_choice_surface.footstepsPrefix (trip_*);ps2_14:tripwire_decline_rescue.footstepsPrefix (trip_*);ps2_14:tripwire_firework.footstepsPrefix (trip_*);ps2_14:warning3.footstepsPrefix (trip_*);ps2_14:warning4.footstepsPrefix (trip_*);ps2_7:Room.footstepsPrefix (trip_*);ps2_7:Surface.footstepsPrefix (trip_*);ps2_7:safe1.footstepsPrefix (trip_*);ps2_7:safe2.footstepsPrefix (trip_*);ps2_7:warning3a.footstepsPrefix (trip_*);ps2_7:warning4a.footstepsPrefix (trip_*),
sounds/footsteps/gravel/footrun_gravel_a_PRE.m4a,_gravel,ps2_10:Room.footstepsPrefix (footrun_*);ps2_10:close_zone_1.footstepsPrefix (footrun_*);ps2_10:squash_trigger1.footstepsPrefix (footrun_*);ps2_10:squash_trigger2.footstepsPrefix (footrun_*);ps2_10:squash_trigger3.footstepsPrefix (footrun_*);ps2_10:squash_trigger4.footstepsPrefix (footrun_*);ps2_11a:Room.footstepsPrefix (footrun_*);ps2_11a:floor_walking_away.footstepsPrefix (footrun_*);ps2_11b:Room.footstepsPrefix (footrun_*);ps2_17:FM_trigger.footstepsPrefix (footrun_*);ps2_17:Room.footstepsPrefix (footrun_*);ps2_17:close_zone_1.footstepsPrefix (footrun_*);ps2_17:squash_trigger1.footstepsPrefix (footrun_*);ps2_17:squash_trigger2.footstepsPrefix (footrun_*);ps2_17:squash_trigger3.footstepsPrefix (footrun_*);ps2_18:Room.footstepsPrefix (footrun_*);ps2_18b:Room.footstepsPrefix (footrun_*);ps2_18b:floor_walking_away.footstepsPrefix (footrun_*);ps2_5a:Room.footstepsPrefix (footrun_*);ps2_5a:floor_walking_away_post1.footstepsPrefix (footrun_*);ps2_5a:floor_walking_away_post2.footstepsPrefix (footrun_*);ps2_5a:floor_walking_away_post3.footstepsPrefix (footrun_*);ps2_5a:floor_walking_away_post4.footstepsPrefix (footrun_*);ps2_5a:floor_walking_away_pre1.footstepsPrefix (footrun_*);ps2_5a:floor_walking_away_pre2.footstepsPrefix (footrun_*);ps2_5a:floor_walking_away_pre3.footstepsPrefix (footrun_*);ps2_5a:floor_walking_away_pre4.footstepsPrefix (footrun_*);ps2_Intro:Room.footstepsPrefix (footrun_*);ps2_Intro:floor1.footstepsPrefix (footrun_*);ps2_Intro:floor_walk_prompt.footstepsPrefix (footrun_*);ps2_Intro:floor_walking_away.footstepsPrefix (footrun_*),
sounds/footsteps/gravel/footrun_gravel_c_PRE.m4a,_gravel,ps2_10:Room.footstepsPrefix (footrun_*);ps2_10:close_zone_1.footstepsPrefix (footrun_*);ps2_10:squash_trigger1.footstepsPrefix (footrun_*);ps2_10:squash_trigger2.footstepsPrefix (footrun_*);ps2_10:squash_trigger3.footstepsPrefix (footrun_*);ps2_10:squash_trigger4.footstepsPrefix (footrun_*);ps2_11a:Room.footstepsPrefix (footrun_*);ps2_11a:floor_walking_away.footstepsPrefix (footrun_*);ps2_11b:Room.footstepsPrefix (footrun_*);ps2_17:FM_trigger.footstepsPrefix (footrun_*);ps2_17:Room.footstepsPrefix (footrun_*);ps2_17:close_zone_1.footstepsPrefix (footrun_*);ps2_17:squash_trigger1.footstepsPrefix (footrun_*);ps2_17:squash_trigger2.footstepsPrefix (footrun_*);ps2_17:squash_trigger3.footstepsPrefix (footrun_*);ps2_18:Room.footstepsPrefix (footrun_*);ps2_18b:Room.footstepsPrefix (footrun_*);ps2_18b:floor_walking_away.footstepsPrefix (footrun_*);ps2_5a:Room.footstepsPrefix (footrun_*);ps2_5a:floor_walking_away_post1.footstepsPrefix (footrun_*);ps2_5a:floor_walking_away_post2.footstepsPrefix (footrun_*);ps2_5a:floor_walking_away_post3.footstepsPrefix (footrun_*);ps2_5a:floor_walking_away_post4.footstepsPrefix (footrun_*);ps2_5a:floor_walking_away_pre1.footstepsPrefix (footrun_*);ps2_5a:floor_walking_away_pre2.footstepsPrefix (footrun_*);ps2_5a:floor_walking_away_pre3.footstepsPrefix (footrun_*);ps2_5a:floor_walking_away_pre4.footstepsPrefix (footrun_*);ps2_Intro:Room.footstepsPrefix (footrun_*);ps2_Intro:floor1.footstepsPrefix (footrun_*);ps2_Intro:floor_walk_prompt.footstepsPrefix (footrun_*);ps2_Intro:floor_walking_away.footstepsPrefix (footrun_*),
sounds/footsteps/gravel/footrun_gravel_d_PRE.m4a,_gravel,ps2_10:Room.footstepsPrefix (footrun_*);ps2_10:close_zone_1.footstepsPrefix (footrun_*);ps2_10:squash_trigger1.footstepsPrefix (footrun_*);ps2_10:squash_trigger2.footstepsPrefix (footrun_*);ps2_10:squash_trigger3.footstepsPrefix (footrun_*);ps2_10:squash_trigger4.footstepsPrefix (footrun_*);ps2_11a:Room.footstepsPrefix (footrun_*);ps2_11a:floor_walking_away.footstepsPrefix (footrun_*);ps2_11b:Room.footstepsPrefix (footrun_*);ps2_17:FM_trigger.footstepsPrefix (footrun_*);ps2_17:Room.footstepsPrefix (footrun_*);ps2_17:close_zone_1.footstepsPrefix (footrun_*);ps2_17:squash_trigger1.footstepsPrefix (footrun_*);ps2_17:squash_trigger2.footstepsPrefix (footrun_*);ps2_17:squash_trigger3.footstepsPrefix (footrun_*);ps2_18:Room.footstepsPrefix (footrun_*);ps2_18b:Room.footstepsPrefix (footrun_*);ps2_18b:floor_walking_away.footstepsPrefix (footrun_*);ps2_5a:Room.footstepsPrefix (footrun_*);ps2_5a:floor_walking_away_post1.footstepsPrefix (footrun_*);ps2_5a:floor_walking_away_post2.footstepsPrefix (footrun_*);ps2_5a:floor_walking_away_post3.footstepsPrefix (footrun_*);ps2_5a:floor_walking_away_post4.footstepsPrefix (footrun_*);ps2_5a:floor_walking_away_pre1.footstepsPrefix (footrun_*);ps2_5a:floor_walking_away_pre2.footstepsPrefix (footrun_*);ps2_5a:floor_walking_away_pre3.footstepsPrefix (footrun_*);ps2_5a:floor_walking_away_pre4.footstepsPrefix (footrun_*);ps2_Intro:Room.footstepsPrefix (footrun_*);ps2_Intro:floor1.footstepsPrefix (footrun_*);ps2_Intro:floor_walk_prompt.footstepsPrefix (footrun_*);ps2_Intro:floor_walking_away.footstepsPrefix (footrun_*),
sounds/footsteps/gravel/footrun_gravel_e_PRE.m4a,_gravel,ps2_10:Room.footstepsPrefix (footrun_*);ps2_10:close_zone_1.footstepsPrefix (footrun_*);ps2_10:squash_trigger1.footstepsPrefix (footrun_*);ps2_10:squash_trigger2.footstepsPrefix (footrun_*);ps2_10:squash_trigger3.footstepsPrefix (footrun_*);ps2_10:squash_trigger4.footstepsPrefix (footrun_*);ps2_11a:Room.footstepsPrefix (footrun_*);ps2_11a:floor_walking_away.footstepsPrefix (footrun_*);ps2_11b:Room.footstepsPrefix (footrun_*);ps2_17:FM_trigger.footstepsPrefix (footrun_*);ps2_17:Room.footstepsPrefix (footrun_*);ps2_17:close_zone_1.footstepsPrefix (footrun_*);ps2_17:squash_trigger1.footstepsPrefix (footrun_*);ps2_17:squash_trigger2.footstepsPrefix (footrun_*);ps2_17:squash_trigger3.footstepsPrefix (footrun_*);ps2_18:Room.footstepsPrefix (footrun_*);ps2_18b:Room.footstepsPrefix (footrun_*);ps2_18b:floor_walking_away.footstepsPrefix (footrun_*);ps2_5a:Room.footstepsPrefix (footrun_*);ps2_5a:floor_walking_away_post1.footstepsPrefix (footrun_*);ps2_5a:floor_walking_away_post2.footstepsPrefix (footrun_*);ps2_5a:floor_walking_away_post3.footstepsPrefix (footrun_*);ps2_5a:floor_walking_away_post4.footstepsPrefix (footrun_*);ps2_5a:floor_walking_away_pre1.footstepsPrefix (footrun_*);ps2_5a:floor_walking_away_pre2.footstepsPrefix (footrun_*);ps2_5a:floor_walking_away_pre3.footstepsPrefix (footrun_*);ps2_5a:floor_walking_away_pre4.footstepsPrefix (footrun_*);ps2_Intro:Room.footstepsPrefix (footrun_*);ps2_Intro:floor1.footstepsPrefix (footrun_*);ps2_Intro:floor_walk_prompt.footstepsPrefix (footrun_*);ps2_Intro:floor_walking_away.footstepsPrefix (footrun_*),
sounds/footsteps/gravel/footrun_gravel_f_PRE.m4a,_gravel,ps2_10:Room.footstepsPrefix (footrun_*);ps2_10:close_zone_1.footstepsPrefix (footrun_*);ps2_10:squash_trigger1.footstepsPrefix (footrun_*);ps2_10:squash_trigger2.footstepsPrefix (footrun_*);ps2_10:squash_trigger3.footstepsPrefix (footrun_*);ps2_10:squash_trigger4.footstepsPrefix (footrun_*);ps2_11a:Room.footstepsPrefix (footrun_*);ps2_11a:floor_walking_away.footstepsPrefix (footrun_*);ps2_11b:Room.footstepsPrefix (footrun_*);ps2_17:FM_trigger.footstepsPrefix (footrun_*);ps2_17:Room.footstepsPrefix (footrun_*);ps2_17:close_zone_1.footstepsPrefix (footrun_*);ps2_17:squash_trigger1.footstepsPrefix (footrun_*);ps2_17:squash_trigger2.footstepsPrefix (footrun_*);ps2_17:squash_trigger3.footstepsPrefix (footrun_*);ps2_18:Room.footstepsPrefix (footrun_*);ps2_18b:Room.footstepsPrefix (footrun_*);ps2_18b:floor_walking_away.footstepsPrefix (footrun_*);ps2_5a:Room.footstepsPrefix (footrun_*);ps2_5a:floor_walking_away_post1.footstepsPrefix (footrun_*);ps2_5a:floor_walking_away_post2.footstepsPrefix (footrun_*);ps2_5a:floor_walking_away_post3.footstepsPrefix (footrun_*);ps2_5a:floor_walking_away_post4.footstepsPrefix (footrun_*);ps2_5a:floor_walking_away_pre1.footstepsPrefix (footrun_*);ps2_5a:floor_walking_away_pre2.footstepsPrefix (footrun_*);ps2_5a:floor_walking_away_pre3.footstepsPrefix (footrun_*);ps2_5a:floor_walking_away_pre4.footstepsPrefix (footrun_*);ps2_Intro:Room.footstepsPrefix (footrun_*);ps2_Intro:floor1.footstepsPrefix (footrun_*);ps2_Intro:floor_walk_prompt.footstepsPrefix (footrun_*);ps2_Intro:floor_walking_away.footstepsPrefix (footrun_*),
sounds/footsteps/gravel/footrun_gravel_g_PRE.m4a,_gravel,ps2_10:Room.footstepsPrefix (footrun_*);ps2_10:close_zone_1.footstepsPrefix (footrun_*);ps2_10:squash_trigger1.footstepsPrefix (footrun_*);ps2_10:squash_trigger2.footstepsPrefix (footrun_*);ps2_10:squash_trigger3.footstepsPrefix (footrun_*);ps2_10:squash_trigger4.footstepsPrefix (footrun_*);ps2_11a:Room.footstepsPrefix (footrun_*);ps2_11a:floor_walking_away.footstepsPrefix (footrun_*);ps2_11b:Room.footstepsPrefix (footrun_*);ps2_17:FM_trigger.footstepsPrefix (footrun_*);ps2_17:Room.footstepsPrefix (footrun_*);ps2_17:close_zone_1.footstepsPrefix (footrun_*);ps2_17:squash_trigger1.footstepsPrefix (footrun_*);ps2_17:squash_trigger2.footstepsPrefix (footrun_*);ps2_17:squash_trigger3.footstepsPrefix (footrun_*);ps2_18:Room.footstepsPrefix (footrun_*);ps2_18b:Room.footstepsPrefix (footrun_*);ps2_18b:floor_walking_away.footstepsPrefix (footrun_*);ps2_5a:Room.footstepsPrefix (footrun_*);ps2_5a:floor_walking_away_post1.footstepsPrefix (footrun_*);ps2_5a:floor_walking_away_post2.footstepsPrefix (footrun_*);ps2_5a:floor_walking_away_post3.footstepsPrefix (footrun_*);ps2_5a:floor_walking_away_post4.footstepsPrefix (footrun_*);ps2_5a:floor_walking_away_pre1.footstepsPrefix (footrun_*);ps2_5a:floor_walking_away_pre2.footstepsPrefix (footrun_*);ps2_5a:floor_walking_away_pre3.footstepsPrefix (footrun_*);ps2_5a:floor_walking_away_pre4.footstepsPrefix (footrun_*);ps2_Intro:Room.footstepsPrefix (footrun_*);ps2_Intro:floor1.footstepsPrefix (footrun_*);ps2_Intro:floor_walk_prompt.footstepsPrefix (footrun_*);ps2_Intro:floor_walking_away.footstepsPrefix (footrun_*),
sounds/footsteps/gravel/footwalk_gravel_a_PRE.m4a,_gravel,ps2_10:Room.footstepsPrefix (footwalk_*);ps2_10:close_zone_1.footstepsPrefix (footwalk_*);ps2_10:squash_trigger1.footstepsPrefix (footwalk_*);ps2_10:squash_trigger2.footstepsPrefix (footwalk_*);ps2_10:squash_trigger3.footstepsPrefix (footwalk_*);ps2_10:squash_trigger4.footstepsPrefix (footwalk_*);ps2_11a:Room.footstepsPrefix (footwalk_*);ps2_11a:floor_walking_away.footstepsPrefix (footwalk_*);ps2_11b:Room.footstepsPrefix (footwalk_*);ps2_17:FM_trigger.footstepsPrefix (footwalk_*);ps2_17:Room.footstepsPrefix (footwalk_*);ps2_17:close_zone_1.footstepsPrefix (footwalk_*);ps2_17:squash_trigger1.footstepsPrefix (footwalk_*);ps2_17:squash_trigger2.footstepsPrefix (footwalk_*);ps2_17:squash_trigger3.footstepsPrefix (footwalk_*);ps2_18:Room.footstepsPrefix (footwalk_*);ps2_18b:Room.footstepsPrefix (footwalk_*);ps2_18b:floor_walking_away.footstepsPrefix (footwalk_*);ps2_5a:Room.footstepsPrefix (footwalk_*);ps2_5a:floor_walking_away_post1.footstepsPrefix (footwalk_*);ps2_5a:floor_walking_away_post2.footstepsPrefix (footwalk_*);ps2_5a:floor_walking_away_post3.footstepsPrefix (footwalk_*);ps2_5a:floor_walking_away_post4.footstepsPrefix (footwalk_*);ps2_5a:floor_walking_away_pre1.footstepsPrefix (footwalk_*);ps2_5a:floor_walking_away_pre2.footstepsPrefix (footwalk_*);ps2_5a:floor_walking_away_pre3.footstepsPrefix (footwalk_*);ps2_5a:floor_walking_away_pre4.footstepsPrefix (footwalk_*);ps2_Intro:Room.footstepsPrefix (footwalk_*);ps2_Intro:floor1.footstepsPrefix (footwalk_*);ps2_Intro:floor_walk_prompt.footstepsPrefix (footwalk_*);ps2_Intro:floor_walking_away.footstepsPrefix (footwalk_*),
sounds/footsteps/gravel/footwalk_gravel_c_PRE.m4a,_gravel,ps2_10:Room.footstepsPrefix (footwalk_*);ps2_10:close_zone_1.footstepsPrefix (footwalk_*);ps2_10:squash_trigger1.footstepsPrefix (footwalk_*);ps2_10:squash_trigger2.footstepsPrefix (footwalk_*);ps2_10:squash_trigger3.footstepsPrefix (footwalk_*);ps2_10:squash_trigger4.footstepsPrefix (footwalk_*);ps2_11a:Room.footstepsPrefix (footwalk_*);ps2_11a:floor_walking_away.footstepsPrefix (footwalk_*);ps2_11b:Room.footstepsPrefix (footwalk_*);ps2_17:FM_trigger.footstepsPrefix (footwalk_*);ps2_17:Room.footstepsPrefix (footwalk_*);ps2_17:close_zone_1.footstepsPrefix (footwalk_*);ps2_17:squash_trigger1.footstepsPrefix (footwalk_*);ps2_17:squash_trigger2.footstepsPrefix (footwalk_*);ps2_17:squash_trigger3.footstepsPrefix (footwalk_*);ps2_18:Room.footstepsPrefix (footwalk_*);ps2_18b:Room.footstepsPrefix (footwalk_*);ps2_18b:floor_walking_away.footstepsPrefix (footwalk_*);ps2_5a:Room.footstepsPrefix (footwalk_*);ps2_5a:floor_walking_away_post1.footstepsPrefix (footwalk_*);ps2_5a:floor_walking_away_post2.footstepsPrefix (footwalk_*);ps2_5a:floor_walking_away_post3.footstepsPrefix (footwalk_*);ps2_5a:floor_walking_away_post4.footstepsPrefix (footwalk_*);ps2_5a:floor_walking_away_pre1.footstepsPrefix (footwalk_*);ps2_5a:floor_walking_away_pre2.footstepsPrefix (footwalk_*);ps2_5a:floor_walking_away_pre3.footstepsPrefix (footwalk_*);ps2_5a:floor_walking_away_pre4.footstepsPrefix (footwalk_*);ps2_Intro:Room.footstepsPrefix (footwalk_*);ps2_Intro:floor1.footstepsPrefix (footwalk_*);ps2_Intro:floor_walk_prompt.footstepsPrefix (footwalk_*);ps2_Intro:floor_walking_away.footstepsPrefix (footwalk_*),
sounds/footsteps/gravel/footwalk_gravel_d_PRE.m4a,_gravel,ps2_10:Room.footstepsPrefix (footwalk_*);ps2_10:close_zone_1.footstepsPrefix (footwalk_*);ps2_10:squash_trigger1.footstepsPrefix (footwalk_*);ps2_10:squash_trigger2.footstepsPrefix (footwalk_*);ps2_10:squash_trigger3.footstepsPrefix (footwalk_*);ps2_10:squash_trigger4.footstepsPrefix (footwalk_*);ps2_11a:Room.footstepsPrefix (footwalk_*);ps2_11a:floor_walking_away.footstepsPrefix (footwalk_*);ps2_11b:Room.footstepsPrefix (footwalk_*);ps2_17:FM_trigger.footstepsPrefix (footwalk_*);ps2_17:Room.footstepsPrefix (footwalk_*);ps2_17:close_zone_1.footstepsPrefix (footwalk_*);ps2_17:squash_trigger1.footstepsPrefix (footwalk_*);ps2_17:squash_trigger2.footstepsPrefix (footwalk_*);ps2_17:squash_trigger3.footstepsPrefix (footwalk_*);ps2_18:Room.footstepsPrefix (footwalk_*);ps2_18b:Room.footstepsPrefix (footwalk_*);ps2_18b:floor_walking_away.footstepsPrefix (footwalk_*);ps2_5a:Room.footstepsPrefix (footwalk_*);ps2_5a:floor_walking_away_post1.footstepsPrefix (footwalk_*);ps2_5a:floor_walking_away_post2.footstepsPrefix (footwalk_*);ps2_5a:floor_walking_away_post3.footstepsPrefix (footwalk_*);ps2_5a:floor_walking_away_post4.footstepsPrefix (footwalk_*);ps2_5a:floor_walking_away_pre1.footstepsPrefix (footwalk_*);ps2_5a:floor_walking_away_pre2.footstepsPrefix (footwalk_*);ps2_5a:floor_walking_away_pre3.footstepsPrefix (footwalk_*);ps2_5a:floor_walking_away_pre4.footstepsPrefix (footwalk_*);ps2_Intro:Room.footstepsPrefix (footwalk_*);ps2_Intro:floor1.footstepsPrefix (footwalk_*);ps2_Intro:floor_walk_prompt.footstepsPrefix (footwalk_*);ps2_Intro:floor_walking_away.footstepsPrefix (footwalk_*),
sounds/footsteps/gravel/footwalk_gravel_e_PRE.m4a,_gravel,ps2_10:Room.footstepsPrefix (footwalk_*);ps2_10:close_zone_1.footstepsPrefix (footwalk_*);ps2_10:squash_trigger1.footstepsPrefix (footwalk_*);ps2_10:squash_trigger2.footstepsPrefix (footwalk_*);ps2_10:squash_trigger3.footstepsPrefix (footwalk_*);ps2_10:squash_trigger4.footstepsPrefix (footwalk_*);ps2_11a:Room.footstepsPrefix (footwalk_*);ps2_11a:floor_walking_away.footstepsPrefix (footwalk_*);ps2_11b:Room.footstepsPrefix (footwalk_*);ps2_17:FM_trigger.footstepsPrefix (footwalk_*);ps2_17:Room.footstepsPrefix (footwalk_*);ps2_17:close_zone_1.footstepsPrefix (footwalk_*);ps2_17:squash_trigger1.footstepsPrefix (footwalk_*);ps2_17:squash_trigger2.footstepsPrefix (footwalk_*);ps2_17:squash_trigger3.footstepsPrefix (footwalk_*);ps2_18:Room.footstepsPrefix (footwalk_*);ps2_18b:Room.footstepsPrefix (footwalk_*);ps2_18b:floor_walking_away.footstepsPrefix (footwalk_*);ps2_5a:Room.footstepsPrefix (footwalk_*);ps2_5a:floor_walking_away_post1.footstepsPrefix (footwalk_*);ps2_5a:floor_walking_away_post2.footstepsPrefix (footwalk_*);ps2_5a:floor_walking_away_post3.footstepsPrefix (footwalk_*);ps2_5a:floor_walking_away_post4.footstepsPrefix (footwalk_*);ps2_5a:floor_walking_away_pre1.footstepsPrefix (footwalk_*);ps2_5a:floor_walking_away_pre2.footstepsPrefix (footwalk_*);ps2_5a:floor_walking_away_pre3.footstepsPrefix (footwalk_*);ps2_5a:floor_walking_away_pre4.footstepsPrefix (footwalk_*);ps2_Intro:Room.footstepsPrefix (footwalk_*);ps2_Intro:floor1.footstepsPrefix (footwalk_*);ps2_Intro:floor_walk_prompt.footstepsPrefix (footwalk_*);ps2_Intro:floor_walking_away.footstepsPrefix (footwalk_*),
sounds/footsteps/gravel/footwalk_gravel_f_PRE.m4a,_gravel,ps2_10:Room.footstepsPrefix (footwalk_*);ps2_10:close_zone_1.footstepsPrefix (footwalk_*);ps2_10:squash_trigger1.footstepsPrefix (footwalk_*);ps2_10:squash_trigger2.footstepsPrefix (footwalk_*);ps2_10:squash_trigger3.footstepsPrefix (footwalk_*);ps2_10:squash_trigger4.footstepsPrefix (footwalk_*);ps2_11a:Room.footstepsPrefix (footwalk_*);ps2_11a:floor_walking_away.footstepsPrefix (footwalk_*);ps2_11b:Room.footstepsPrefix (footwalk_*);ps2_17:FM_trigger.footstepsPrefix (footwalk_*);ps2_17:Room.footstepsPrefix (footwalk_*);ps2_17:close_zone_1.footstepsPrefix (footwalk_*);ps2_17:squash_trigger1.footstepsPrefix (footwalk_*);ps2_17:squash_trigger2.footstepsPrefix (footwalk_*);ps2_17:squash_trigger3.footstepsPrefix (footwalk_*);ps2_18:Room.footstepsPrefix (footwalk_*);ps2_18b:Room.footstepsPrefix (footwalk_*);ps2_18b:floor_walking_away.footstepsPrefix (footwalk_*);ps2_5a:Room.footstepsPrefix (footwalk_*);ps2_5a:floor_walking_away_post1.footstepsPrefix (footwalk_*);ps2_5a:floor_walking_away_post2.footstepsPrefix (footwalk_*);ps2_5a:floor_walking_away_post3.footstepsPrefix (footwalk_*);ps2_5a:floor_walking_away_post4.footstepsPrefix (footwalk_*);ps2_5a:floor_walking_away_pre1.footstepsPrefix (footwalk_*);ps2_5a:floor_walking_away_pre2.footstepsPrefix (footwalk_*);ps2_5a:floor_walking_away_pre3.footstepsPrefix (footwalk_*);ps2_5a:floor_walking_away_pre4.footstepsPrefix (footwalk_*);ps2_Intro:Room.footstepsPrefix (footwalk_*);ps2_Intro:floor1.footstepsPrefix (footwalk_*);ps2_Intro:floor_walk_prompt.footstepsPrefix (footwalk_*);ps2_Intro:floor_walking_away.footstepsPrefix (footwalk_*),
sounds/footsteps/gravel/footwalk_gravel_g_PRE.m4a,_gravel,ps2_10:Room.footstepsPrefix (footwalk_*);ps2_10:close_zone_1.footstepsPrefix (footwalk_*);ps2_10:squash_trigger1.footstepsPrefix (footwalk_*);ps2_10:squash_trigger2.footstepsPrefix (footwalk_*);ps2_10:squash_trigger3.footstepsPrefix (footwalk_*);ps2_10:squash_trigger4.footstepsPrefix (footwalk_*);ps2_11a:Room.footstepsPrefix (footwalk_*);ps2_11a:floor_walking_away.footstepsPrefix (footwalk_*);ps2_11b:Room.footstepsPrefix (footwalk_*);ps2_17:FM_trigger.footstepsPrefix (footwalk_*);ps2_17:Room.footstepsPrefix (footwalk_*);ps2_17:close_zone_1.footstepsPrefix (footwalk_*);ps2_17:squash_trigger1.footstepsPrefix (footwalk_*);ps2_17:squash_trigger2.footstepsPrefix (footwalk_*);ps2_17:squash_trigger3.footstepsPrefix (footwalk_*);ps2_18:Room.footstepsPrefix (footwalk_*);ps2_18b:Room.footstepsPrefix (footwalk_*);ps2_18b:floor_walking_away.footstepsPrefix (footwalk_*);ps2_5a:Room.footstepsPrefix (footwalk_*);ps2_5a:floor_walking_away_post1.footstepsPrefix (footwalk_*);ps2_5a:floor_walking_away_post2.footstepsPrefix (footwalk_*);ps2_5a:floor_walking_away_post3.footstepsPrefix (footwalk_*);ps2_5a:floor_walking_away_post4.footstepsPrefix (footwalk_*);ps2_5a:floor_walking_away_pre1.footstepsPrefix (footwalk_*);ps2_5a:floor_walking_away_pre2.footstepsPrefix (footwalk_*);ps2_5a:floor_walking_away_pre3.footstepsPrefix (footwalk_*);ps2_5a:floor_walking_away_pre4.footstepsPrefix (footwalk_*);ps2_Intro:Room.footstepsPrefix (footwalk_*);ps2_Intro:floor1.footstepsPrefix (footwalk_*);ps2_Intro:floor_walk_prompt.footstepsPrefix (footwalk_*);ps2_Intro:floor_walking_away.footstepsPrefix (footwalk_*),
sounds/footsteps/gravel/trip_gravel_a_PRE.m4a,_gravel,ps2_10:Room.footstepsPrefix (trip_*);ps2_10:close_zone_1.footstepsPrefix (trip_*);ps2_10:squash_trigger1.footstepsPrefix (trip_*);ps2_10:squash_trigger2.footstepsPrefix (trip_*);ps2_10:squash_trigger3.footstepsPrefix (trip_*);ps2_10:squash_trigger4.footstepsPrefix (trip_*);ps2_11a:Room.footstepsPrefix (trip_*);ps2_11a:floor_walking_away.footstepsPrefix (trip_*);ps2_11b:Room.footstepsPrefix (trip_*);ps2_17:FM_trigger.footstepsPrefix (trip_*);ps2_17:Room.footstepsPrefix (trip_*);ps2_17:close_zone_1.footstepsPrefix (trip_*);ps2_17:squash_trigger1.footstepsPrefix (trip_*);ps2_17:squash_trigger2.footstepsPrefix (trip_*);ps2_17:squash_trigger3.footstepsPrefix (trip_*);ps2_18:Room.footstepsPrefix (trip_*);ps2_18b:Room.footstepsPrefix (trip_*);ps2_18b:floor_walking_away.footstepsPrefix (trip_*);ps2_5a:Room.footstepsPrefix (trip_*);ps2_5a:floor_walking_away_post1.footstepsPrefix (trip_*);ps2_5a:floor_walking_away_post2.footstepsPrefix (trip_*);ps2_5a:floor_walking_away_post3.footstepsPrefix (trip_*);ps2_5a:floor_walking_away_post4.footstepsPrefix (trip_*);ps2_5a:floor_walking_away_pre1.footstepsPrefix (trip_*);ps2_5a:floor_walking_away_pre2.footstepsPrefix (trip_*);ps2_5a:floor_walking_away_pre3.footstepsPrefix (trip_*);ps2_5a:floor_walking_away_pre4.footstepsPrefix (trip_*);ps2_Intro:Room.footstepsPrefix (trip_*);ps2_Intro:floor1.footstepsPrefix (trip_*);ps2_Intro:floor_walk_prompt.footstepsPrefix (trip_*);ps2_Intro:floor_walking_away.footstepsPrefix (trip_*),
sounds/footsteps/gravel/trip_gravel_b_PRE.m4a,_gravel,ps2_10:Room.footstepsPrefix (trip_*);ps2_10:close_zone_1.footstepsPrefix (trip_*);ps2_10:squash_trigger1.footstepsPrefix (trip_*);ps2_10:squash_trigger2.footstepsPrefix (trip_*);ps2_10:squash_trigger3.footstepsPrefix (trip_*);ps2_10:squash_trigger4.footstepsPrefix (trip_*);ps2_11a:Room.footstepsPrefix (trip_*);ps2_11a:floor_walking_away.footstepsPrefix (trip_*);ps2_11b:Room.footstepsPrefix (trip_*);ps2_17:FM_trigger.footstepsPrefix (trip_*);ps2_17:Room.footstepsPrefix (trip_*);ps2_17:close_zone_1.footstepsPrefix (trip_*);ps2_17:squash_trigger1.footstepsPrefix (trip_*);ps2_17:squash_trigger2.footstepsPrefix (trip_*);ps2_17:squash_trigger3.footstepsPrefix (trip_*);ps2_18:Room.footstepsPrefix (trip_*);ps2_18b:Room.footstepsPrefix (trip_*);ps2_18b:floor_walking_away.footstepsPrefix (trip_*);ps2_5a:Room.footstepsPrefix (trip_*);ps2_5a:floor_walking_away_post1.footstepsPrefix (trip_*);ps2_5a:floor_walking_away_post2.footstepsPrefix (trip_*);ps2_5a:floor_walking_away_post3.footstepsPrefix (trip_*);ps2_5a:floor_walking_away_post4.footstepsPrefix (trip_*);ps2_5a:floor_walking_away_pre1.footstepsPrefix (trip_*);ps2_5a:floor_walking_away_pre2.footstepsPrefix (trip_*);ps2_5a:floor_walking_away_pre3.footstepsPrefix (trip_*);ps2_5a:floor_walking_away_pre4.footstepsPrefix (trip_*);ps2_Intro:Room.footstepsPrefix (trip_*);ps2_Intro:floor1.footstepsPrefix (trip_*);ps2_Intro:floor_walk_prompt.footstepsPrefix (trip_*);ps2_Intro:floor_walking_away.footstepsPrefix (trip_*),
sounds/footsteps/gravel/trip_gravel_c_PRE.m4a,_gravel,ps2_10:Room.footstepsPrefix (trip_*);ps2_10:close_zone_1.footstepsPrefix (trip_*);ps2_10:squash_trigger1.footstepsPrefix (trip_*);ps2_10:squash_trigger2.footstepsPrefix (trip_*);ps2_10:squash_trigger3.footstepsPrefix (trip_*);ps2_10:squash_trigger4.footstepsPrefix (trip_*);ps2_11a:Room.footstepsPrefix (trip_*);ps2_11a:floor_walking_away.footstepsPrefix (trip_*);ps2_11b:Room.footstepsPrefix (trip_*);ps2_17:FM_trigger.footstepsPrefix (trip_*);ps2_17:Room.footstepsPrefix (trip_*);ps2_17:close_zone_1.footstepsPrefix (trip_*);ps2_17:squash_trigger1.footstepsPrefix (trip_*);ps2_17:squash_trigger2.footstepsPrefix (trip_*);ps2_17:squash_trigger3.footstepsPrefix (trip_*);ps2_18:Room.footstepsPrefix (trip_*);ps2_18b:Room.footstepsPrefix (trip_*);ps2_18b:floor_walking_away.footstepsPrefix (trip_*);ps2_5a:Room.footstepsPrefix (trip_*);ps2_5a:floor_walking_away_post1.footstepsPrefix (trip_*);ps2_5a:floor_walking_away_post2.footstepsPrefix (trip_*);ps2_5a:floor_walking_away_post3.footstepsPrefix (trip_*);ps2_5a:floor_walking_away_post4.footstepsPrefix (trip_*);ps2_5a:floor_walking_away_pre1.footstepsPrefix (trip_*);ps2_5a:floor_walking_away_pre2.footstepsPrefix (trip_*);ps2_5a:floor_walking_away_pre3.footstepsPrefix (trip_*);ps2_5a:floor_walking_away_pre4.footstepsPrefix (trip_*);ps2_Intro:Room.footstepsPrefix (trip_*);ps2_Intro:floor1.footstepsPrefix (trip_*);ps2_Intro:floor_walk_prompt.footstepsPrefix (trip_*);ps2_Intro:floor_walking_away.footstepsPrefix (trip_*),
sounds/footsteps/gravel/trip_gravel_d_PRE.m4a,_gravel,ps2_10:Room.footstepsPrefix (trip_*);ps2_10:close_zone_1.footstepsPrefix (trip_*);ps2_10:squash_trigger1.footstepsPrefix (trip_*);ps2_10:squash_trigger2.footstepsPrefix (trip_*);ps2_10:squash_trigger3.footstepsPrefix (trip_*);ps2_10:squash_trigger4.footstepsPrefix (trip_*);ps2_11a:Room.footstepsPrefix (trip_*);ps2_11a:floor_walking_away.footstepsPrefix (trip_*);ps2_11b:Room.footstepsPrefix (trip_*);ps2_17:FM_trigger.footstepsPrefix (trip_*);ps2_17:Room.footstepsPrefix (trip_*);ps2_17:close_zone_1.footstepsPrefix (trip_*);ps2_17:squash_trigger1.footstepsPrefix (trip_*);ps2_17:squash_trigger2.footstepsPrefix (trip_*);ps2_17:squash_trigger3.footstepsPrefix (trip_*);ps2_18:Room.footstepsPrefix (trip_*);ps2_18b:Room.footstepsPrefix (trip_*);ps2_18b:floor_walking_away.footstepsPrefix (trip_*);ps2_5a:Room.footstepsPrefix (trip_*);ps2_5a:floor_walking_away_post1.footstepsPrefix (trip_*);ps2_5a:floor_walking_away_post2.footstepsPrefix (trip_*);ps2_5a:floor_walking_away_post3.footstepsPrefix (trip_*);ps2_5a:floor_walking_away_post4.footstepsPrefix (trip_*);ps2_5a:floor_walking_away_pre1.footstepsPrefix (trip_*);ps2_5a:floor_walking_away_pre2.footstepsPrefix (trip_*);ps2_5a:floor_walking_away_pre3.footstepsPrefix (trip_*);ps2_5a:floor_walking_away_pre4.footstepsPrefix (trip_*);ps2_Intro:Room.footstepsPrefix (trip_*);ps2_Intro:floor1.footstepsPrefix (trip_*);ps2_Intro:floor_walk_prompt.footstepsPrefix (trip_*);ps2_Intro:floor_walking_away.footstepsPrefix (trip_*),
sounds/footsteps/ice/footrun_ice_a_PRE.m4a,_ice,ps2_15:Room.footstepsPrefix (footrun_*);ps2_15:floor_walking_away.footstepsPrefix (footrun_*);ps2_15:surface1.footstepsPrefix (footrun_*);ps2_15:surface2.footstepsPrefix (footrun_*);ps2_15:surface_jump.footstepsPrefix (footrun_*);ps2_8:Room.footstepsPrefix (footrun_*);ps2_8:Surface.footstepsPrefix (footrun_*);ps2_8:floor_after_pickup.footstepsPrefix (footrun_*);ps2_8:floor_walking_away.footstepsPrefix (footrun_*),
sounds/footsteps/ice/footrun_ice_b_PRE.m4a,_ice,ps2_15:Room.footstepsPrefix (footrun_*);ps2_15:floor_walking_away.footstepsPrefix (footrun_*);ps2_15:surface1.footstepsPrefix (footrun_*);ps2_15:surface2.footstepsPrefix (footrun_*);ps2_15:surface_jump.footstepsPrefix (footrun_*);ps2_8:Room.footstepsPrefix (footrun_*);ps2_8:Surface.footstepsPrefix (footrun_*);ps2_8:floor_after_pickup.footstepsPrefix (footrun_*);ps2_8:floor_walking_away.footstepsPrefix (footrun_*),
sounds/footsteps/ice/footrun_ice_c_PRE.m4a,_ice,ps2_15:Room.footstepsPrefix (footrun_*);ps2_15:floor_walking_away.footstepsPrefix (footrun_*);ps2_15:surface1.footstepsPrefix (footrun_*);ps2_15:surface2.footstepsPrefix (footrun_*);ps2_15:surface_jump.footstepsPrefix (footrun_*);ps2_8:Room.footstepsPrefix (footrun_*);ps2_8:Surface.footstepsPrefix (footrun_*);ps2_8:floor_after_pickup.footstepsPrefix (footrun_*);ps2_8:floor_walking_away.footstepsPrefix (footrun_*),
sounds/footsteps/ice/footrun_ice_d_PRE.m4a,_ice,ps2_15:Room.footstepsPrefix (footrun_*);ps2_15:floor_walking_away.footstepsPrefix (footrun_*);ps2_15:surface1.footstepsPrefix (footrun_*);ps2_15:surface2.footstepsPrefix (footrun_*);ps2_15:surface_jump.footstepsPrefix (footrun_*);ps2_8:Room.footstepsPrefix (footrun_*);ps2_8:Surface.footstepsPrefix (footrun_*);ps2_8:floor_after_pickup.footstepsPrefix (footrun_*);ps2_8:floor_walking_away.footstepsPrefix (footrun_*),
sounds/footsteps/ice/footrun_ice_e_PRE.m4a,_ice,ps2_15:Room.footstepsPrefix (footrun_*);ps2_15:floor_walking_away.footstepsPrefix (footrun_*);ps2_15:surface1.footstepsPrefix (footrun_*);ps2_15:surface2.footstepsPrefix (footrun_*);ps2_15:surface_jump.footstepsPrefix (footrun_*);ps2_8:Room.footstepsPrefix (footrun_*);ps2_8:Surface.footstepsPrefix (footrun_*);ps2_8:floor_after_pickup.footstepsPrefix (footrun_*);ps2_8:floor_walking_away.footstepsPrefix (footrun_*),
sounds/footsteps/ice/footrun_ice_f_PRE.m4a,_ice,ps2_15:Room.footstepsPrefix (footrun_*);ps2_15:floor_walking_away.footstepsPrefix (footrun_*);ps2_15:surface1.footstepsPrefix (footrun_*);ps2_15:surface2.footstepsPrefix (footrun_*);ps2_15:surface_jump.footstepsPrefix (footrun_*);ps2_8:Room.footstepsPrefix (footrun_*);ps2_8:Surface.footstepsPrefix (footrun_*);ps2_8:floor_after_pickup.footstepsPrefix (footrun_*);ps2_8:floor_walking_away.footstepsPrefix (footrun_*),
sounds/footsteps/ice/footrun_ice_g_PRE.m4a,_ice,ps2_15:Room.footstepsPrefix (footrun_*);ps2_15:floor_walking_away.footstepsPrefix (footrun_*);ps2_15:surface1.footstepsPrefix (footrun_*);ps2_15:surface2.footstepsPrefix (footrun_*);ps2_15:surface_jump.footstepsPrefix (footrun_*);ps2_8:Room.footstepsPrefix (footrun_*);ps2_8:Surface.footstepsPrefix (footrun_*);ps2_8:floor_after_pickup.footstepsPrefix (footrun_*);ps2_8:floor_walking_away.footstepsPrefix (footrun_*),
sounds/footsteps/ice/footrun_ice_h_PRE.m4a,_ice,ps2_15:Room.footstepsPrefix (footrun_*);ps2_15:floor_walking_away.footstepsPrefix (footrun_*);ps2_15:surface1.footstepsPrefix (footrun_*);ps2_15:surface2.footstepsPrefix (footrun_*);ps2_15:surface_jump.footstepsPrefix (footrun_*);ps2_8:Room.footstepsPrefix (footrun_*);ps2_8:Surface.footstepsPrefix (footrun_*);ps2_8:floor_after_pickup.footstepsPrefix (footrun_*);ps2_8:floor_walking_away.footstepsPrefix (footrun_*),
sounds/footsteps/ice/footwalk_ice_a_PRE.m4a,_ice,ps2_15:Player.jumpSound (prefix);ps2_15:Room.footstepsPrefix (footwalk_*);ps2_15:floor_walking_away.footstepsPrefix (footwalk_*);ps2_15:surface1.footstepsPrefix (footwalk_*);ps2_15:surface2.footstepsPrefix (footwalk_*);ps2_15:surface_jump.footstepsPrefix (footwalk_*);ps2_8:Room.footstepsPrefix (footwalk_*);ps2_8:Surface.footstepsPrefix (footwalk_*);ps2_8:floor_after_pickup.footstepsPrefix (footwalk_*);ps2_8:floor_walking_away.footstepsPrefix (footwalk_*),
sounds/footsteps/ice/footwalk_ice_b_PRE.m4a,_ice,ps2_15:Room.footstepsPrefix (footwalk_*);ps2_15:floor_walking_away.footstepsPrefix (footwalk_*);ps2_15:surface1.footstepsPrefix (footwalk_*);ps2_15:surface2.footstepsPrefix (footwalk_*);ps2_15:surface_jump.footstepsPrefix (footwalk_*);ps2_8:Room.footstepsPrefix (footwalk_*);ps2_8:Surface.footstepsPrefix (footwalk_*);ps2_8:floor_after_pickup.footstepsPrefix (footwalk_*);ps2_8:floor_walking_away.footstepsPrefix (footwalk_*),
sounds/footsteps/ice/footwalk_ice_c_PRE.m4a,_ice,ps2_15:Room.footstepsPrefix (footwalk_*);ps2_15:floor_walking_away.footstepsPrefix (footwalk_*);ps2_15:surface1.footstepsPrefix (footwalk_*);ps2_15:surface2.footstepsPrefix (footwalk_*);ps2_15:surface_jump.footstepsPrefix (footwalk_*);ps2_8:Room.footstepsPrefix (footwalk_*);ps2_8:Surface.footstepsPrefix (footwalk_*);ps2_8:floor_after_pickup.footstepsPrefix (footwalk_*);ps2_8:floor_walking_away.footstepsPrefix (footwalk_*),
sounds/footsteps/ice/footwalk_ice_d_PRE.m4a,_ice,ps2_15:Room.footstepsPrefix (footwalk_*);ps2_15:floor_walking_away.footstepsPrefix (footwalk_*);ps2_15:surface1.footstepsPrefix (footwalk_*);ps2_15:surface2.footstepsPrefix (footwalk_*);ps2_15:surface_jump.footstepsPrefix (footwalk_*);ps2_8:Room.footstepsPrefix (footwalk_*);ps2_8:Surface.footstepsPrefix (footwalk_*);ps2_8:floor_after_pickup.footstepsPrefix (footwalk_*);ps2_8:floor_walking_away.footstepsPrefix (footwalk_*),
sounds/footsteps/ice/footwalk_ice_e_PRE.m4a,_ice,ps2_15:Room.footstepsPrefix (footwalk_*);ps2_15:floor_walking_away.footstepsPrefix (footwalk_*);ps2_15:surface1.footstepsPrefix (footwalk_*);ps2_15:surface2.footstepsPrefix (footwalk_*);ps2_15:surface_jump.footstepsPrefix (footwalk_*);ps2_8:Room.footstepsPrefix (footwalk_*);ps2_8:Surface.footstepsPrefix (footwalk_*);ps2_8:floor_after_pickup.footstepsPrefix (footwalk_*);ps2_8:floor_walking_away.footstepsPrefix (footwalk_*),
sounds/footsteps/ice/footwalk_ice_f_PRE.m4a,_ice,ps2_15:Room.footstepsPrefix (footwalk_*);ps2_15:floor_walking_away.footstepsPrefix (footwalk_*);ps2_15:surface1.footstepsPrefix (footwalk_*);ps2_15:surface2.footstepsPrefix (footwalk_*);ps2_15:surface_jump.footstepsPrefix (footwalk_*);ps2_8:Room.footstepsPrefix (footwalk_*);ps2_8:Surface.footstepsPrefix (footwalk_*);ps2_8:floor_after_pickup.footstepsPrefix (footwalk_*);ps2_8:floor_walking_away.footstepsPrefix (footwalk_*),
sounds/footsteps/ice/footwalk_ice_g_PRE.m4a,_ice,ps2_15:Room.footstepsPrefix (footwalk_*);ps2_15:floor_walking_away.footstepsPrefix (footwalk_*);ps2_15:surface1.footstepsPrefix (footwalk_*);ps2_15:surface2.footstepsPrefix (footwalk_*);ps2_15:surface_jump.footstepsPrefix (footwalk_*);ps2_8:Room.footstepsPrefix (footwalk_*);ps2_8:Surface.footstepsPrefix (footwalk_*);ps2_8:floor_after_pickup.footstepsPrefix (footwalk_*);ps2_8:floor_walking_away.footstepsPrefix (footwalk_*),
sounds/footsteps/ice/footwalk_ice_h_PRE.m4a,_ice,ps2_15:Room.footstepsPrefix (footwalk_*);ps2_15:floor_walking_away.footstepsPrefix (footwalk_*);ps2_15:surface1.footstepsPrefix (footwalk_*);ps2_15:surface2.footstepsPrefix (footwalk_*);ps2_15:surface_jump.footstepsPrefix (footwalk_*);ps2_8:Room.footstepsPrefix (footwalk_*);ps2_8:Surface.footstepsPrefix (footwalk_*);ps2_8:floor_after_pickup.footstepsPrefix (footwalk_*);ps2_8:floor_walking_away.footstepsPrefix (footwalk_*),
sounds/footsteps/ice/trip_ice_a_PRE.m4a,_ice,ps2_15:Room.footstepsPrefix (trip_*);ps2_15:floor_walking_away.footstepsPrefix (trip_*);ps2_15:surface1.footstepsPrefix (trip_*);ps2_15:surface2.footstepsPrefix (trip_*);ps2_15:surface_jump.footstepsPrefix (trip_*);ps2_8:Room.footstepsPrefix (trip_*);ps2_8:Surface.footstepsPrefix (trip_*);ps2_8:floor_after_pickup.footstepsPrefix (trip_*);ps2_8:floor_walking_away.footstepsPrefix (trip_*),
sounds/footsteps/ice/trip_ice_b_PRE.m4a,_ice,ps2_15:Room.footstepsPrefix (trip_*);ps2_15:floor_walking_away.footstepsPrefix (trip_*);ps2_15:surface1.footstepsPrefix (trip_*);ps2_15:surface2.footstepsPrefix (trip_*);ps2_15:surface_jump.footstepsPrefix (trip_*);ps2_8:Room.footstepsPrefix (trip_*);ps2_8:Surface.footstepsPrefix (trip_*);ps2_8:floor_after_pickup.footstepsPrefix (trip_*);ps2_8:floor_walking_away.footstepsPrefix (trip_*),
sounds/footsteps/ice/trip_ice_c_PRE.m4a,_ice,ps2_15:Room.footstepsPrefix (trip_*);ps2_15:floor_walking_away.footstepsPrefix (trip_*);ps2_15:surface1.footstepsPrefix (trip_*);ps2_15:surface2.footstepsPrefix (trip_*);ps2_15:surface_jump.footstepsPrefix (trip_*);ps2_8:Room.footstepsPrefix (trip_*);ps2_8:Surface.footstepsPrefix (trip_*);ps2_8:floor_after_pickup.footstepsPrefix (trip_*);ps2_8:floor_walking_away.footstepsPrefix (trip_*),
sounds/footsteps/squelch_gravel/footrun_squelch_gravel_a_PRE.m4a,_squelch_gravel,ps2_Intro:floor_squelch.footstepsPrefix (footrun_*),
sounds/footsteps/squelch_gravel/footrun_squelch_gravel_b_PRE.m4a,_squelch_gravel,ps2_Intro:floor_squelch.footstepsPrefix (footrun_*),
sounds/footsteps/squelch_gravel/footrun_squelch_gravel_c_PRE.m4a,_squelch_gravel,ps2_Intro:floor_squelch.footstepsPrefix (footrun_*),
sounds/footsteps/squelch_gravel/footrun_squelch_gravel_d_PRE.m4a,_squelch_gravel,ps2_Intro:floor_squelch.footstepsPrefix (footrun_*),
sounds/footsteps/squelch_gravel/footrun_squelch_gravel_e_PRE.m4a,_squelch_gravel,ps2_Intro:floor_squelch.footstepsPrefix (footrun_*),
sounds/footsteps/squelch_gravel/footrun_squelch_gravel_f_PRE.m4a,_squelch_gravel,ps2_Intro:floor_squelch.footstepsPrefix (footrun_*),
sounds/footsteps/squelch_gravel/footrun_squelch_gravel_g_PRE.m4a,_squelch_gravel,ps2_Intro:floor_squelch.footstepsPrefix (footrun_*),
sounds/footsteps/squelch_gravel/footrun_squelch_gravel_h_PRE.m4a,_squelch_gravel,ps2_Intro:floor_squelch.footstepsPrefix (footrun_*),
sounds/footsteps/squelch_gravel/footwalk_squelch_gravel_a_PRE.m4a,_squelch_gravel,ps2_Intro:floor_squelch.footstepsPrefix (footwalk_*),
sounds/footsteps/squelch_gravel/footwalk_squelch_gravel_b_PRE.m4a,_squelch_gravel,ps2_Intro:floor_squelch.footstepsPrefix (footwalk_*),
sounds/footsteps/squelch_gravel/footwalk_squelch_gravel_c_PRE.m4a,_squelch_gravel,ps2_Intro:floor_squelch.footstepsPrefix (footwalk_*),
sounds/footsteps/squelch_gravel/footwalk_squelch_gravel_d_PRE.m4a,_squelch_gravel,ps2_Intro:floor_squelch.footstepsPrefix (footwalk_*),
sounds/footsteps/squelch_gravel/footwalk_squelch_gravel_e_PRE.m4a,_squelch_gravel,ps2_Intro:floor_squelch.footstepsPrefix (footwalk_*),
sounds/footsteps/squelch_gravel/footwalk_squelch_gravel_f_PRE.m4a,_squelch_gravel,ps2_Intro:floor_squelch.footstepsPrefix (footwalk_*),
sounds/footsteps/squelch_gravel/footwalk_squelch_gravel_g_PRE.m4a,_squelch_gravel,ps2_Intro:floor_squelch.footstepsPrefix (footwalk_*),
sounds/footsteps/squelch_gravel/footwalk_squelch_gravel_h_PRE.m4a,_squelch_gravel,ps2_Intro:floor_squelch.footstepsPrefix (footwalk_*),
sounds/footsteps/squelch_gravel/trip_gravel_squelch_a_PRE.m4a,_squelch_gravel,ps2_Intro:Room.footstepsPrefix (trip_*);ps2_Intro:floor1.footstepsPrefix (trip_*);ps2_Intro:floor_walk_prompt.footstepsPrefix (trip_*);ps2_Intro:floor_walking_away.footstepsPrefix (trip_*),
sounds/footsteps/squelch_gravel/trip_gravel_squelch_b_PRE.m4a,_squelch_gravel,ps2_Intro:Room.footstepsPrefix (trip_*);ps2_Intro:floor1.footstepsPrefix (trip_*);ps2_Intro:floor_walk_prompt.footstepsPrefix (trip_*);ps2_Intro:floor_walking_away.footstepsPrefix (trip_*),
sounds/footsteps/squelch_gravel/trip_gravel_squelch_c_PRE.m4a,_squelch_gravel,ps2_Intro:Room.footstepsPrefix (trip_*);ps2_Intro:floor1.footstepsPrefix (trip_*);ps2_Intro:floor_walk_prompt.footstepsPrefix (trip_*);ps2_Intro:floor_walking_away.footstepsPrefix (trip_*),
sounds/footsteps/squelch_gravel/trip_gravel_squelch_d_PRE.m4a,_squelch_gravel,ps2_Intro:Room.footstepsPrefix (trip_*);ps2_Intro:floor1.footstepsPrefix (trip_*);ps2_Intro:floor_walk_prompt.footstepsPrefix (trip_*);ps2_Intro:floor_walking_away.footstepsPrefix (trip_*),
sounds/footsteps/stone/footrun_stone_a_PRE.mp3,_stone,ps2_5:Room.footstepsPrefix (footrun_*);ps2_5:Surface.footstepsPrefix (footrun_*),
sounds/footsteps/stone/footrun_stone_b_PRE.mp3,_stone,ps2_5:Room.footstepsPrefix (footrun_*);ps2_5:Surface.footstepsPrefix (footrun_*),
sounds/footsteps/stone/footrun_stone_c_PRE.mp3,_stone,ps2_5:Room.footstepsPrefix (footrun_*);ps2_5:Surface.footstepsPrefix (footrun_*),
sounds/footsteps/stone/footrun_stone_d_PRE.mp3,_stone,ps2_5:Room.footstepsPrefix (footrun_*);ps2_5:Surface.footstepsPrefix (footrun_*),
sounds/footsteps/stone/footrun_stone_e_PRE.mp3,_stone,ps2_5:Room.footstepsPrefix (footrun_*);ps2_5:Surface.footstepsPrefix (footrun_*),
sounds/footsteps/stone/footrun_stone_f_PRE.mp3,_stone,ps2_5:Room.footstepsPrefix (footrun_*);ps2_5:Surface.footstepsPrefix (footrun_*),
sounds/footsteps/stone/footrun_stone_g_PRE.mp3,_stone,ps2_5:Room.footstepsPrefix (footrun_*);ps2_5:Surface.footstepsPrefix (footrun_*),
sounds/footsteps/stone/footrun_stone_h_PRE.mp3,_stone,ps2_5:Room.footstepsPrefix (footrun_*);ps2_5:Surface.footstepsPrefix (footrun_*),
sounds/footsteps/stone/footwalk_stone_a_PRE.mp3,_stone,ps2_5:Room.footstepsPrefix (footwalk_*);ps2_5:Surface.footstepsPrefix (footwalk_*),
sounds/footsteps/stone/footwalk_stone_b_PRE.mp3,_stone,ps2_5:Room.footstepsPrefix (footwalk_*);ps2_5:Surface.footstepsPrefix (footwalk_*),
sounds/footsteps/stone/footwalk_stone_c_PRE.mp3,_stone,ps2_5:Room.footstepsPrefix (footwalk_*);ps2_5:Surface.footstepsPrefix (footwalk_*),
sounds/footsteps/stone/footwalk_stone_d_PRE.mp3,_stone,ps2_5:Room.footstepsPrefix (footwalk_*);ps2_5:Surface.footstepsPrefix (footwalk_*),
sounds/footsteps/stone/footwalk_stone_e_PRE.mp3,_stone,ps2_5:Room.footstepsPrefix (footwalk_*);ps2_5:Surface.footstepsPrefix (footwalk_*),
sounds/footsteps/stone/footwalk_stone_f_PRE.mp3,_stone,ps2_5:Room.footstepsPrefix (footwalk_*);ps2_5:Surface.footstepsPrefix (footwalk_*),
sounds/footsteps/stone/footwalk_stone_g_PRE.mp3,_stone,ps2_5:Room.footstepsPrefix (footwalk_*);ps2_5:Surface.footstepsPrefix (footwalk_*),
sounds/footsteps/stone/footwalk_stone_h_PRE.mp3,_stone,ps2_5:Room.footstepsPrefix (footwalk_*);ps2_5:Surface.footstepsPrefix (footwalk_*),
sounds/footsteps/stone/trip_stone_a_PRE.mp3,_stone,ps2_5:Room.footstepsPrefix (trip_*);ps2_5:Surface.footstepsPrefix (trip_*),
sounds/footsteps/stone/trip_stone_b_PRE.mp3,_stone,ps2_5:Room.footstepsPrefix (trip_*);ps2_5:Surface.footstepsPrefix (trip_*),
sounds/footsteps/stone/trip_stone_c_PRE.mp3,_stone,ps2_5:Room.footstepsPrefix (trip_*);ps2_5:Surface.footstepsPrefix (trip_*),
sounds/footsteps/submarine/footrun_metal_water_submarine_a_PRE.m4a,_submarine,ps2_17:surface1.footstepsPrefix (footrun_*);ps2_9:Room.footstepsPrefix (footrun_*),
sounds/footsteps/submarine/footrun_metal_water_submarine_b_PRE.m4a,_submarine,ps2_17:surface1.footstepsPrefix (footrun_*);ps2_9:Room.footstepsPrefix (footrun_*),
sounds/footsteps/submarine/footrun_metal_water_submarine_c_PRE.m4a,_submarine,ps2_17:surface1.footstepsPrefix (footrun_*);ps2_9:Room.footstepsPrefix (footrun_*),
sounds/footsteps/submarine/footrun_metal_water_submarine_d_PRE.m4a,_submarine,ps2_17:surface1.footstepsPrefix (footrun_*);ps2_9:Room.footstepsPrefix (footrun_*),
sounds/footsteps/submarine/footrun_metal_water_submarine_e_PRE.m4a,_submarine,ps2_17:surface1.footstepsPrefix (footrun_*);ps2_9:Room.footstepsPrefix (footrun_*),
sounds/footsteps/submarine/footrun_metal_water_submarine_f_PRE.m4a,_submarine,ps2_17:surface1.footstepsPrefix (footrun_*);ps2_9:Room.footstepsPrefix (footrun_*),
sounds/footsteps/submarine/footrun_metal_water_submarine_g_PRE.m4a,_submarine,ps2_17:surface1.footstepsPrefix (footrun_*);ps2_9:Room.footstepsPrefix (footrun_*),
sounds/footsteps/submarine/footrun_metal_water_submarine_h_PRE.m4a,_submarine,ps2_17:surface1.footstepsPrefix (footrun_*);ps2_9:Room.footstepsPrefix (footrun_*),
sounds/footsteps/submarine/footwalk_metal_water_submarine_a_PRE.m4a,_submarine,ps2_17:surface1.footstepsPrefix (footwalk_*);ps2_9:Room.footstepsPrefix (footwalk_*),
sounds/footsteps/submarine/footwalk_metal_water_submarine_b_PRE.m4a,_submarine,ps2_17:surface1.footstepsPrefix (footwalk_*);ps2_9:Room.footstepsPrefix (footwalk_*),
sounds/footsteps/submarine/footwalk_metal_water_submarine_c_PRE.m4a,_submarine,ps2_17:surface1.footstepsPrefix (footwalk_*);ps2_9:Room.footstepsPrefix (footwalk_*),
sounds/footsteps/submarine/footwalk_metal_water_submarine_d_PRE.m4a,_submarine,ps2_17:surface1.footstepsPrefix (footwalk_*);ps2_9:Room.footstepsPrefix (footwalk_*),
sounds/footsteps/submarine/footwalk_metal_water_submarine_e_PRE.m4a,_submarine,ps2_17:surface1.footstepsPrefix (footwalk_*);ps2_9:Room.footstepsPrefix (footwalk_*),
sounds/footsteps/submarine/footwalk_metal_water_submarine_f_PRE.m4a,_submarine,ps2_17:surface1.footstepsPrefix (footwalk_*);ps2_9:Room.footstepsPrefix (footwalk_*),
sounds/footsteps/submarine/footwalk_metal_water_submarine_g_PRE.m4a,_submarine,ps2_17:surface1.footstepsPrefix (footwalk_*);ps2_9:Room.footstepsPrefix (footwalk_*),
sounds/footsteps/submarine/footwalk_metal_water_submarine_h_PRE.m4a,_submarine,ps2_17:surface1.footstepsPrefix (footwalk_*);ps2_9:Room.footstepsPrefix (footwalk_*),
sounds/footsteps/submarine/hitwall_PRE.m4a,_submarine,-[PGELevel init] setHitWallSound: / -[PGEPlayer playerDidCollideAWall:] anySoundWihPrefix: (literal),
sounds/footsteps/submarine/trip_metal_water_submarine_a_PRE.m4a,_submarine,ps2_17:surface1.footstepsPrefix (trip_*);ps2_9:Room.footstepsPrefix (trip_*),
sounds/footsteps/submarine/trip_metal_water_submarine_b_PRE.m4a,_submarine,ps2_17:surface1.footstepsPrefix (trip_*);ps2_9:Room.footstepsPrefix (trip_*),
sounds/footsteps/submarine/trip_metal_water_submarine_c_PRE.m4a,_submarine,ps2_17:surface1.footstepsPrefix (trip_*);ps2_9:Room.footstepsPrefix (trip_*),
sounds/footsteps/swimming/footwalk_swimming_a_PRE.m4a,_swimming,ps2_13:Room.footstepsPrefix (footwalk_*);ps2_13:surface1.footstepsPrefix (footwalk_*),
sounds/footsteps/swimming/footwalk_swimming_b_PRE.m4a,_swimming,ps2_13:Room.footstepsPrefix (footwalk_*);ps2_13:surface1.footstepsPrefix (footwalk_*),
sounds/footsteps/swimming/footwalk_swimming_c_PRE.m4a,_swimming,ps2_13:Room.footstepsPrefix (footwalk_*);ps2_13:surface1.footstepsPrefix (footwalk_*),
sounds/footsteps/swimming/footwalk_swimming_d_PRE.m4a,_swimming,ps2_13:Room.footstepsPrefix (footwalk_*);ps2_13:surface1.footstepsPrefix (footwalk_*),
sounds/footsteps/swimming/hitwall_PRE.m4a,_swimming,-[PGELevel init] setHitWallSound: / -[PGEPlayer playerDidCollideAWall:] anySoundWihPrefix: (literal),
sounds/footsteps/swimming/trip_swimming_PRE.m4a,_swimming,ps2_13:Room.footstepsPrefix (trip_*);ps2_13:surface1.footstepsPrefix (trip_*),
sounds/footsteps/wet_stone/footrun_wet_stone_a_PRE.m4a,_wet_stone,ps2_5:surface1.footstepsPrefix (footrun_*);ps2_5:surface2.footstepsPrefix (footrun_*);ps2_5:surface3.footstepsPrefix (footrun_*);ps2_5:surface4.footstepsPrefix (footrun_*),
sounds/footsteps/wet_stone/footrun_wet_stone_b_PRE.m4a,_wet_stone,ps2_5:surface1.footstepsPrefix (footrun_*);ps2_5:surface2.footstepsPrefix (footrun_*);ps2_5:surface3.footstepsPrefix (footrun_*);ps2_5:surface4.footstepsPrefix (footrun_*),
sounds/footsteps/wet_stone/footrun_wet_stone_c_PRE.m4a,_wet_stone,ps2_5:surface1.footstepsPrefix (footrun_*);ps2_5:surface2.footstepsPrefix (footrun_*);ps2_5:surface3.footstepsPrefix (footrun_*);ps2_5:surface4.footstepsPrefix (footrun_*),
sounds/footsteps/wet_stone/footrun_wet_stone_d_PRE.m4a,_wet_stone,ps2_5:surface1.footstepsPrefix (footrun_*);ps2_5:surface2.footstepsPrefix (footrun_*);ps2_5:surface3.footstepsPrefix (footrun_*);ps2_5:surface4.footstepsPrefix (footrun_*),
sounds/footsteps/wet_stone/footrun_wet_stone_e_PRE.m4a,_wet_stone,ps2_5:surface1.footstepsPrefix (footrun_*);ps2_5:surface2.footstepsPrefix (footrun_*);ps2_5:surface3.footstepsPrefix (footrun_*);ps2_5:surface4.footstepsPrefix (footrun_*),
sounds/footsteps/wet_stone/footrun_wet_stone_f_PRE.m4a,_wet_stone,ps2_5:surface1.footstepsPrefix (footrun_*);ps2_5:surface2.footstepsPrefix (footrun_*);ps2_5:surface3.footstepsPrefix (footrun_*);ps2_5:surface4.footstepsPrefix (footrun_*),
sounds/footsteps/wet_stone/footrun_wet_stone_g_PRE.m4a,_wet_stone,ps2_5:surface1.footstepsPrefix (footrun_*);ps2_5:surface2.footstepsPrefix (footrun_*);ps2_5:surface3.footstepsPrefix (footrun_*);ps2_5:surface4.footstepsPrefix (footrun_*),
sounds/footsteps/wet_stone/footrun_wet_stone_h_PRE.m4a,_wet_stone,ps2_5:surface1.footstepsPrefix (footrun_*);ps2_5:surface2.footstepsPrefix (footrun_*);ps2_5:surface3.footstepsPrefix (footrun_*);ps2_5:surface4.footstepsPrefix (footrun_*),
sounds/footsteps/wet_stone/footwalk_wet_stone_a_PRE.m4a,_wet_stone,ps2_5:surface1.footstepsPrefix (footwalk_*);ps2_5:surface2.footstepsPrefix (footwalk_*);ps2_5:surface3.footstepsPrefix (footwalk_*);ps2_5:surface4.footstepsPrefix (footwalk_*),
sounds/footsteps/wet_stone/footwalk_wet_stone_b_PRE.m4a,_wet_stone,ps2_5:surface1.footstepsPrefix (footwalk_*);ps2_5:surface2.footstepsPrefix (footwalk_*);ps2_5:surface3.footstepsPrefix (footwalk_*);ps2_5:surface4.footstepsPrefix (footwalk_*),
sounds/footsteps/wet_stone/footwalk_wet_stone_c_PRE.m4a,_wet_stone,ps2_5:surface1.footstepsPrefix (footwalk_*);ps2_5:surface2.footstepsPrefix (footwalk_*);ps2_5:surface3.footstepsPrefix (footwalk_*);ps2_5:surface4.footstepsPrefix (footwalk_*),
sounds/footsteps/wet_stone/footwalk_wet_stone_d_PRE.m4a,_wet_stone,ps2_5:surface1.footstepsPrefix (footwalk_*);ps2_5:surface2.footstepsPrefix (footwalk_*);ps2_5:surface3.footstepsPrefix (footwalk_*);ps2_5:surface4.footstepsPrefix (footwalk_*),
sounds/footsteps/wet_stone/footwalk_wet_stone_e_PRE.m4a,_wet_stone,ps2_5:surface1.footstepsPrefix (footwalk_*);ps2_5:surface2.footstepsPrefix (footwalk_*);ps2_5:surface3.footstepsPrefix (footwalk_*);ps2_5:surface4.footstepsPrefix (footwalk_*),
sounds/footsteps/wet_stone/footwalk_wet_stone_f_PRE.m4a,_wet_stone,ps2_5:surface1.footstepsPrefix (footwalk_*);ps2_5:surface2.footstepsPrefix (footwalk_*);ps2_5:surface3.footstepsPrefix (footwalk_*);ps2_5:surface4.footstepsPrefix (footwalk_*),
sounds/footsteps/wet_stone/footwalk_wet_stone_g_PRE.m4a,_wet_stone,ps2_5:surface1.footstepsPrefix (footwalk_*);ps2_5:surface2.footstepsPrefix (footwalk_*);ps2_5:surface3.footstepsPrefix (footwalk_*);ps2_5:surface4.footstepsPrefix (footwalk_*),
sounds/footsteps/wet_stone/footwalk_wet_stone_h_PRE.m4a,_wet_stone,ps2_5:surface1.footstepsPrefix (footwalk_*);ps2_5:surface2.footstepsPrefix (footwalk_*);ps2_5:surface3.footstepsPrefix (footwalk_*);ps2_5:surface4.footstepsPrefix (footwalk_*),
sounds/footsteps/wet_stone/trip_wet_stone_a_PRE.m4a,_wet_stone,ps2_5:surface1.footstepsPrefix (trip_*);ps2_5:surface2.footstepsPrefix (trip_*);ps2_5:surface3.footstepsPrefix (trip_*);ps2_5:surface4.footstepsPrefix (trip_*),
sounds/footsteps/wet_stone/trip_wet_stone_b_PRE.m4a,_wet_stone,ps2_5:surface1.footstepsPrefix (trip_*);ps2_5:surface2.footstepsPrefix (trip_*);ps2_5:surface3.footstepsPrefix (trip_*);ps2_5:surface4.footstepsPrefix (trip_*),
sounds/footsteps/wet_stone/trip_wet_stone_c_PRE.m4a,_wet_stone,ps2_5:surface1.footstepsPrefix (trip_*);ps2_5:surface2.footstepsPrefix (trip_*);ps2_5:surface3.footstepsPrefix (trip_*);ps2_5:surface4.footstepsPrefix (trip_*),
sounds/footsteps/wetter_stone/footwalk_wetter_stone__PRE.mp3,_wetter_stone,ps2_11a:stream.footstepsPrefix (footwalk_*);ps2_Intro:stream.footstepsPrefix (footwalk_*),
sounds/footsteps/wetter_stone/footwalk_wetter_stone_a_PRE.mp3,_wetter_stone,ps2_11a:stream.footstepsPrefix (footwalk_*);ps2_Intro:stream.footstepsPrefix (footwalk_*),
sounds/footsteps/wetter_stone/footwalk_wetter_stone_b_PRE.mp3,_wetter_stone,ps2_11a:stream.footstepsPrefix (footwalk_*);ps2_Intro:stream.footstepsPrefix (footwalk_*),
sounds/footsteps/wetter_stone/footwalk_wetter_stone_c_PRE.mp3,_wetter_stone,ps2_11a:stream.footstepsPrefix (footwalk_*);ps2_Intro:stream.footstepsPrefix (footwalk_*),
sounds/footsteps/wetter_stone/footwalk_wetter_stone_e_PRE.mp3,_wetter_stone,ps2_11a:stream.footstepsPrefix (footwalk_*);ps2_Intro:stream.footstepsPrefix (footwalk_*),
sounds/footsteps/wetter_stone/footwalk_wetter_stone_f_PRE.mp3,_wetter_stone,ps2_11a:stream.footstepsPrefix (footwalk_*);ps2_Intro:stream.footstepsPrefix (footwalk_*),
sounds/footsteps/wetter_stone/footwalk_wetter_stone_g_PRE.mp3,_wetter_stone,ps2_11a:stream.footstepsPrefix (footwalk_*);ps2_Intro:stream.footstepsPrefix (footwalk_*),
sounds/footsteps/wetter_stone/footwalk_wetter_stone_h_PRE.mp3,_wetter_stone,ps2_11a:stream.footstepsPrefix (footwalk_*);ps2_Intro:stream.footstepsPrefix (footwalk_*),
sounds/footsteps/wetter_stone/trip_wetter_stone_PRE.m4a,_wetter_stone,ps2_11a:stream.footstepsPrefix (trip_*);ps2_Intro:stream.footstepsPrefix (trip_*),
sounds/footsteps/wood/footrun_wood_a_PRE.m4a,_wood,ps2_12:Room.footstepsPrefix (footrun_*);ps2_6:Room.footstepsPrefix (footrun_*),
sounds/footsteps/wood/footrun_wood_b_PRE.m4a,_wood,ps2_12:Room.footstepsPrefix (footrun_*);ps2_6:Room.footstepsPrefix (footrun_*),
sounds/footsteps/wood/footrun_wood_c_PRE.m4a,_wood,ps2_12:Room.footstepsPrefix (footrun_*);ps2_6:Room.footstepsPrefix (footrun_*),
sounds/footsteps/wood/footrun_wood_d_PRE.m4a,_wood,ps2_12:Room.footstepsPrefix (footrun_*);ps2_6:Room.footstepsPrefix (footrun_*),
sounds/footsteps/wood/footrun_wood_e_PRE.m4a,_wood,ps2_12:Room.footstepsPrefix (footrun_*);ps2_6:Room.footstepsPrefix (footrun_*),
sounds/footsteps/wood/footrun_wood_f_PRE.m4a,_wood,ps2_12:Room.footstepsPrefix (footrun_*);ps2_6:Room.footstepsPrefix (footrun_*),
sounds/footsteps/wood/footrun_wood_g_PRE.m4a,_wood,ps2_12:Room.footstepsPrefix (footrun_*);ps2_6:Room.footstepsPrefix (footrun_*),
sounds/footsteps/wood/footrun_wood_h_PRE.m4a,_wood,ps2_12:Room.footstepsPrefix (footrun_*);ps2_6:Room.footstepsPrefix (footrun_*),
sounds/footsteps/wood/footwalk_wood_a_PRE.m4a,_wood,ps2_12:Room.footstepsPrefix (footwalk_*);ps2_6:Room.footstepsPrefix (footwalk_*),
sounds/footsteps/wood/footwalk_wood_b_PRE.m4a,_wood,ps2_12:Room.footstepsPrefix (footwalk_*);ps2_6:Room.footstepsPrefix (footwalk_*),
sounds/footsteps/wood/footwalk_wood_c_PRE.m4a,_wood,ps2_12:Room.footstepsPrefix (footwalk_*);ps2_6:Room.footstepsPrefix (footwalk_*),
sounds/footsteps/wood/footwalk_wood_d_PRE.m4a,_wood,ps2_12:Room.footstepsPrefix (footwalk_*);ps2_6:Room.footstepsPrefix (footwalk_*),
sounds/footsteps/wood/footwalk_wood_e_PRE.m4a,_wood,ps2_12:Room.footstepsPrefix (footwalk_*);ps2_6:Room.footstepsPrefix (footwalk_*),
sounds/footsteps/wood/footwalk_wood_f_PRE.m4a,_wood,ps2_12:Room.footstepsPrefix (footwalk_*);ps2_6:Room.footstepsPrefix (footwalk_*),
sounds/footsteps/wood/footwalk_wood_g_PRE.m4a,_wood,ps2_12:Room.footstepsPrefix (footwalk_*);ps2_6:Room.footstepsPrefix (footwalk_*),
sounds/footsteps/wood/footwalk_wood_h_PRE.m4a,_wood,ps2_12:Room.footstepsPrefix (footwalk_*);ps2_6:Room.footstepsPrefix (footwalk_*),
sounds/footsteps/wood/trip_wood_a_PRE.m4a,_wood,ps2_12:Room.footstepsPrefix (trip_*);ps2_6:Room.footstepsPrefix (trip_*),
sounds/footsteps/wood/trip_wood_b_PRE.m4a,_wood,ps2_12:Room.footstepsPrefix (trip_*);ps2_6:Room.footstepsPrefix (trip_*),
sounds/footsteps/wood/trip_wood_c_PRE.m4a,_wood,ps2_12:Room.footstepsPrefix (trip_*);ps2_6:Room.footstepsPrefix (trip_*),
sounds/fountain/fountain_SPA.m4a,_fountain,ps2_11a:fountain.soundList (exact);ps2_17:fountain.soundList (exact);ps2_18b:fountain.soundList (exact);ps2_5a:fountain.soundList (exact);ps2_Intro:fountain.soundList (exact);ps2_Intro:fountain_no_detector.soundList (exact),
sounds/fountain/fountain_b_SPA.m4a,_fountain,,
sounds/global_sounds/beatsound.mp3,_global;_global_sounds,ps2_11b:Player.beatSound (exact);ps2_15:Player.beatSound (exact);ps2_15:forgetfulman1.OnStab>PlaySound (exact);ps2_15:forgetfulman2.OnStab>PlaySound (exact);ps2_15:forgetfulman3.OnStab>PlaySound (exact);ps2_15:forgetfulman4.OnStab>PlaySound (exact);ps2_15:forgetfulman5.OnStab>PlaySound (exact);ps2_15:forgetfulman6.OnStab>PlaySound (exact);ps2_15:forgetfulman7.OnStab>PlaySound (exact);ps2_15:forgetfulman8.OnStab>PlaySound (exact);ps2_15:penguin.OnShoot>PlaySound (exact);ps2_15:penguin2.OnShoot>PlaySound (exact);ps2_15:penguin3.OnShoot>PlaySound (exact);ps2_15:penguin4.OnShoot>PlaySound (exact);ps2_17:Player.beatSound (exact);ps2_17:forgetfulman1.OnStab>PlaySound (exact);ps2_17:forgetfulman2.OnStab>PlaySound (exact);ps2_17:penguin.OnStab>PlaySound (exact);ps2_17:penguin2.OnStab>PlaySound (exact),
sounds/global_sounds/clap_a.mp3,_global;_global_sounds,ps2_10:Player.clapSound (prefix x2 (random));ps2_11a:Player.clapSound (prefix x2 (random));ps2_11b:Player.clapSound (prefix x2 (random));ps2_12:Player.clapSound (prefix x2 (random));ps2_14:Player.clapSound (prefix x2 (random));ps2_15:Player.clapSound (prefix x2 (random));ps2_16:Player.clapSound (prefix x2 (random));ps2_17:Player.clapSound (prefix x2 (random));ps2_18:Player.clapSound (prefix x2 (random));ps2_18b:Player.clapSound (prefix x2 (random));ps2_1:Player.clapSound (prefix x2 (random));ps2_2:Player.clapSound (prefix x2 (random));ps2_3:Player.clapSound (prefix x2 (random));ps2_4:Player.clapSound (prefix x2 (random));ps2_5:Player.clapSound (prefix x2 (random));ps2_5a:Player.clapSound (prefix x2 (random));ps2_6:Player.clapSound (prefix x2 (random));ps2_7:Player.clapSound (prefix x2 (random));ps2_8:Player.clapSound (prefix x2 (random));ps2_9:Player.clapSound (prefix x2 (random));ps2_Intro:Player.clapSound (prefix x2 (random)),
sounds/global_sounds/clap_b.m4a,_global;_global_sounds,ps2_10:Player.clapSound (prefix x2 (random));ps2_11a:Player.clapSound (prefix x2 (random));ps2_11b:Player.clapSound (prefix x2 (random));ps2_12:Player.clapSound (prefix x2 (random));ps2_14:Player.clapSound (prefix x2 (random));ps2_15:Player.clapSound (prefix x2 (random));ps2_16:Player.clapSound (prefix x2 (random));ps2_17:Player.clapSound (prefix x2 (random));ps2_18:Player.clapSound (prefix x2 (random));ps2_18b:Player.clapSound (prefix x2 (random));ps2_1:Player.clapSound (prefix x2 (random));ps2_2:Player.clapSound (prefix x2 (random));ps2_3:Player.clapSound (prefix x2 (random));ps2_4:Player.clapSound (prefix x2 (random));ps2_5:Player.clapSound (prefix x2 (random));ps2_5a:Player.clapSound (prefix x2 (random));ps2_6:Player.clapSound (prefix x2 (random));ps2_7:Player.clapSound (prefix x2 (random));ps2_8:Player.clapSound (prefix x2 (random));ps2_9:Player.clapSound (prefix x2 (random));ps2_Intro:Player.clapSound (prefix x2 (random)),
sounds/global_sounds/global_warning_hitwall_a.m4a,_global;_global_sounds,-[PGEPlayer playerDidCollideAWall:] anySoundContaining: (literal),
sounds/global_sounds/global_warning_hitwall_b.m4a,_global;_global_sounds,-[PGEPlayer playerDidCollideAWall:] anySoundContaining: (literal),
sounds/global_sounds/global_warning_trip_a.m4a,_global;_global_sounds,-[PGEPlayer trip:] (literal),
sounds/global_sounds/global_warning_trip_b.m4a,_global;_global_sounds,-[PGEPlayer trip:] (literal),
sounds/global_sounds/global_warning_walk_away_a.m4a,_global_sounds,ps2_11a:floor_walking_away.OnEnter>PlaySound (prefix x2 (random));ps2_18b:floor_walking_away.OnEnter>PlaySound (prefix x2 (random));ps2_5a:wrong_way_warning_post.soundList (prefix x2 (random));ps2_5a:wrong_way_warning_pre.soundList (prefix x2 (random));ps2_Intro:wrong_way_warning.soundList (prefix x2 (random)),
sounds/global_sounds/global_warning_walk_away_b.m4a,_global_sounds,ps2_11a:floor_walking_away.OnEnter>PlaySound (prefix x2 (random));ps2_18b:floor_walking_away.OnEnter>PlaySound (prefix x2 (random));ps2_5a:wrong_way_warning_post.soundList (prefix x2 (random));ps2_5a:wrong_way_warning_pre.soundList (prefix x2 (random));ps2_Intro:wrong_way_warning.soundList (prefix x2 (random)),
sounds/global_sounds/level_start_transition_UOS_a.m4a,_global_sounds,ps2_10:Intro_sound.soundList (prefix x2 (random));ps2_11b:Intro_sound.soundList (prefix x2 (random));ps2_12:Intro_sound.soundList (prefix x2 (random));ps2_13:Intro_sound.soundList (prefix x2 (random));ps2_14:Intro_sound.soundList (prefix x2 (random));ps2_15:Intro_sound.soundList (prefix x2 (random));ps2_16:Intro_sound.soundList (prefix x2 (random));ps2_1:Intro_sound.soundList (prefix x2 (random));ps2_2:Intro_sound.soundList (prefix x2 (random));ps2_3:Intro_sound.soundList (prefix x2 (random));ps2_4:Intro_sound.soundList (prefix x2 (random));ps2_5:Intro_sound.soundList (prefix x2 (random));ps2_5a:Intro_sound.soundList (prefix x2 (random));ps2_6:Intro_sound.soundList (prefix x2 (random));ps2_7:Intro_sound.soundList (prefix x2 (random));ps2_8:Intro_sound.soundList (prefix x2 (random));ps2_9:Intro_sound.soundList (prefix x2 (random)),
sounds/global_sounds/level_start_transition_UOS_b.m4a,_global_sounds,ps2_10:Intro_sound.soundList (prefix x2 (random));ps2_11b:Intro_sound.soundList (prefix x2 (random));ps2_12:Intro_sound.soundList (prefix x2 (random));ps2_13:Intro_sound.soundList (prefix x2 (random));ps2_14:Intro_sound.soundList (prefix x2 (random));ps2_15:Intro_sound.soundList (prefix x2 (random));ps2_16:Intro_sound.soundList (prefix x2 (random));ps2_1:Intro_sound.soundList (prefix x2 (random));ps2_2:Intro_sound.soundList (prefix x2 (random));ps2_3:Intro_sound.soundList (prefix x2 (random));ps2_4:Intro_sound.soundList (prefix x2 (random));ps2_5:Intro_sound.soundList (prefix x2 (random));ps2_5a:Intro_sound.soundList (prefix x2 (random));ps2_6:Intro_sound.soundList (prefix x2 (random));ps2_7:Intro_sound.soundList (prefix x2 (random));ps2_8:Intro_sound.soundList (prefix x2 (random));ps2_9:Intro_sound.soundList (prefix x2 (random)),
sounds/gramophone_crackle_loop/gramophone_crackle_loop_SPA_UOS.m4a,_gramophone_crackle_loop,ps2_11a:crackle_filler.soundList (exact);ps2_11b:gramophone_loop.loopSound (exact);ps2_5a:button.soundList (exact);ps2_5a:machine.collectSound (exact);ps2_5a:machine.loopSound (exact),
sounds/gramophone_crackle_loop/main_theme_loop_SPA_UOS.m4a,,,
sounds/gramophone_crackle_loop_non_SPA/gramophone_crackle_loop_UOS.m4a,_gramophone_crackle_loop_non_SPA,,
sounds/gramophone_loop/main_theme_loop_SPA_UOS.m4a,_gramophone_loop,ps2_11a:gramophone_loop.soundList (exact);ps2_18b:music.soundList (exact);ps2_5a:gramophone_loop.soundList (exact);ps2_Intro:gramophone_loop.soundList (exact),
sounds/hitwall/hitwall.m4a,_hitwall,-[PGELevel init] setHitWallSound: / -[PGEPlayer playerDidCollideAWall:] anySoundWihPrefix: (literal),
sounds/house_burning/7_atmos.m4a,_house_burning,ps2_14:atmos.soundList (exact);ps2_7:atmos.soundList (exact),
sounds/house_burning/7_beam1_SPA_UOS.m4a,_house_burning,ps2_14:banging_beam.soundList (prefix);ps2_7:beam1.soundList (exact);ps2_7:beam_fake1.soundList (exact);ps2_7:beam_fake2.soundList (exact),
sounds/house_burning/7_beam2_SPA_UOS.m4a,_house_burning,ps2_7:beam2.soundList (exact),
sounds/house_burning/7_beam3_SPA_UOS.m4a,_house_burning,ps2_7:beam3.soundList (exact);ps2_7:beam4.soundList (exact),
sounds/house_burning/7_coughing.m4a,_house_burning,ps2_7:Player.gaggingSound (exact),
sounds/house_burning/7_coughing_to_death.m4a,_house_burning,ps2_7:Player.drowningSound (exact),
sounds/house_burning/7_death_explode_UOS.m4a,_house_burning,ps2_14:deadly_banging_surface.deathSound (exact);ps2_14:not_deadly_banging_surface.deathSound (exact);ps2_7:deadly1.deathSound (exact);ps2_7:deadly2.deathSound (exact);ps2_7:deadly3.deathSound (exact);ps2_7:deadly_fake1.deathSound (exact);ps2_7:deadly_fake2.deathSound (exact);ps2_7:fall1.deathSound (exact);ps2_7:glass_smashes.deathSound (exact);ps2_7:trigger1.deathSound (exact);ps2_7:trigger2.deathSound (exact);ps2_7:trigger3.deathSound (exact);ps2_7:trigger_fake1.deathSound (exact);ps2_7:trigger_fake2.deathSound (exact),
sounds/house_burning/7_death_fire_UOS.m4a,_house_burning,ps2_14:surface1.deathSound (exact);ps2_14:surface2.deathSound (exact);ps2_14:surface3.deathSound (exact);ps2_14:surface4.deathSound (exact);ps2_14:surface5.deathSound (exact);ps2_14:surface6.deathSound (exact);ps2_7:surface1.deathSound (exact);ps2_7:surface2.deathSound (exact);ps2_7:surface3.deathSound (exact);ps2_7:surface3a.deathSound (exact);ps2_7:surface4.deathSound (exact);ps2_7:surface4a.deathSound (exact),
sounds/house_burning/7_explode1_SPA_UOS.m4a,_house_burning,ps2_14:banging_explode.soundList (prefix x3 (random));ps2_14:boom1.soundList (prefix x3 (random));ps2_14:boom2.soundList (prefix x3 (random));ps2_7:explode1.soundList (exact),
sounds/house_burning/7_explode2_SPA_UOS.m4a,_house_burning,ps2_14:banging_explode.soundList (prefix x3 (random));ps2_14:boom1.soundList (prefix x3 (random));ps2_14:boom2.soundList (prefix x3 (random));ps2_7:explode2.soundList (exact),
sounds/house_burning/7_explode3_SPA_UOS.m4a,_house_burning,ps2_14:banging_explode.soundList (prefix x3 (random));ps2_14:boom1.soundList (prefix x3 (random));ps2_14:boom2.soundList (prefix x3 (random));ps2_7:explode3.soundList (exact);ps2_7:explode4.soundList (exact),
sounds/house_burning/7_flare_SPA.m4a,_house_burning,ps2_14:crack1.soundList (exact);ps2_14:flare1.soundList (exact);ps2_14:flare2.soundList (exact);ps2_7:flare1.soundList (exact);ps2_7:flare2.soundList (exact),
sounds/house_burning/7_glass_smash_SPA.m4a,_house_burning,ps2_7:glass_smash.soundList (exact);ps2_7:glass_smash2.soundList (exact);ps2_7:glass_smash3.soundList (exact),
sounds/house_burning/7_singe.m4a,_house_burning,ps2_14:singe.soundList (exact);ps2_7:singe.soundList (exact),
sounds/hub_atmos/hub_atmos.m4a,_hub_atmos,ps2_11a:atmos.soundList (exact);ps2_17:atmos.soundList (exact);ps2_18b:atmos.soundList (exact);ps2_5a:atmos.soundList (exact);ps2_Intro:atmos.soundList (exact),
sounds/ice_thin/8_alert_ice_thin.m4a,_ice_thin,ps2_15:surface1.followerAlertSound (exact);ps2_15:surface2.followerAlertSound (exact);ps2_15:surface_jump.followerAlertSound (exact);ps2_17:surface1.followerAlertSound (exact);ps2_8:Surface.followerAlertSound (exact);ps2_8:floor_after_pickup.followerAlertSound (exact),
sounds/menu/buttons/back_button.m4a,_buttons,-[PGEngine playUiSoundWithName:] callers (literal),
sounds/menu/buttons/click_button.m4a,_buttons,-[PGEngine playUiSoundWithName:] callers (literal),
sounds/menu/buttons/skipButtonAppeared.m4a,_buttons,-[PGEStepsViewController showSkipButton] (literal),
sounds/menu/buttons/start_button.m4a,_buttons,,
sounds/menu/buttons/start_level_button.m4a,_buttons,-[PGEHubSelectorViewControllerViewController] (literal),
sounds/menu/buttons/whoosh.m4a,_buttons,,
sounds/menu/end_musics/ps2_10_end_music_loop.m4a,_end_musics,PGEngine end/fail sound for ps2_10 (%@_fail[_%@] / %@_end_music_loop),
sounds/menu/end_musics/ps2_11a_end_music_loop.m4a,_end_musics,PGEngine end/fail sound for ps2_11a (%@_fail[_%@] / %@_end_music_loop),
sounds/menu/end_musics/ps2_11b_end_music_loop.m4a,_end_musics,PGEngine end/fail sound for ps2_11b (%@_fail[_%@] / %@_end_music_loop),
sounds/menu/end_musics/ps2_12_end_music_loop.m4a,_end_musics,PGEngine end/fail sound for ps2_12 (%@_fail[_%@] / %@_end_music_loop),
sounds/menu/end_musics/ps2_13_end_music_loop.m4a,_end_musics,PGEngine end/fail sound for ps2_13 (%@_fail[_%@] / %@_end_music_loop),
sounds/menu/end_musics/ps2_14_end_music_loop.m4a,_end_musics,PGEngine end/fail sound for ps2_14 (%@_fail[_%@] / %@_end_music_loop),
sounds/menu/end_musics/ps2_15_end_music_loop.m4a,_end_musics,PGEngine end/fail sound for ps2_15 (%@_fail[_%@] / %@_end_music_loop),
sounds/menu/end_musics/ps2_16_end_music_loop.m4a,_end_musics,PGEngine end/fail sound for ps2_16 (%@_fail[_%@] / %@_end_music_loop),
sounds/menu/end_musics/ps2_17_end_music_loop.m4a,_end_musics,PGEngine end/fail sound for ps2_17 (%@_fail[_%@] / %@_end_music_loop),
sounds/menu/end_musics/ps2_18_end_music_loop.m4a,_end_musics,PGEngine end/fail sound for ps2_18 (%@_fail[_%@] / %@_end_music_loop),
sounds/menu/end_musics/ps2_18b_end_music_loop.m4a,_end_musics,PGEngine end/fail sound for ps2_18b (%@_fail[_%@] / %@_end_music_loop),
sounds/menu/end_musics/ps2_1_end_music_loop.m4a,_end_musics,PGEngine end/fail sound for ps2_1 (%@_fail[_%@] / %@_end_music_loop),
sounds/menu/end_musics/ps2_2_end_music_loop.m4a,_end_musics,PGEngine end/fail sound for ps2_2 (%@_fail[_%@] / %@_end_music_loop),
sounds/menu/end_musics/ps2_3_end_music_loop.m4a,_end_musics,PGEngine end/fail sound for ps2_3 (%@_fail[_%@] / %@_end_music_loop),
sounds/menu/end_musics/ps2_4_end_music_loop.m4a,_end_musics,PGEngine end/fail sound for ps2_4 (%@_fail[_%@] / %@_end_music_loop),
sounds/menu/end_musics/ps2_5_end_music_loop.m4a,_end_musics,PGEngine end/fail sound for ps2_5 (%@_fail[_%@] / %@_end_music_loop),
sounds/menu/end_musics/ps2_5a_end_music_loop.m4a,_end_musics,PGEngine end/fail sound for ps2_5a (%@_fail[_%@] / %@_end_music_loop),
sounds/menu/end_musics/ps2_6_end_music_loop.m4a,_end_musics,PGEngine end/fail sound for ps2_6 (%@_fail[_%@] / %@_end_music_loop),
sounds/menu/end_musics/ps2_7_end_music_loop.m4a,_end_musics,PGEngine end/fail sound for ps2_7 (%@_fail[_%@] / %@_end_music_loop),
sounds/menu/end_musics/ps2_8_end_music_loop.m4a,_end_musics,PGEngine end/fail sound for ps2_8 (%@_fail[_%@] / %@_end_music_loop),
sounds/menu/end_musics/ps2_9_end_music_loop.m4a,_end_musics,PGEngine end/fail sound for ps2_9 (%@_fail[_%@] / %@_end_music_loop),
sounds/menu/end_musics/ps2_Intro_end_music_loop.m4a,_end_musics,PGEngine end/fail sound for ps2_Intro (%@_fail[_%@] / %@_end_music_loop),
sounds/menu/levels_failed/ps2_10_fail_forgetfulman_a.m4a,_levels_failed,PGEngine end/fail sound for ps2_10 (%@_fail[_%@] / %@_end_music_loop),
sounds/menu/levels_failed/ps2_10_fail_forgetfulman_b.m4a,_levels_failed,PGEngine end/fail sound for ps2_10 (%@_fail[_%@] / %@_end_music_loop),
sounds/menu/levels_failed/ps2_10_fail_surface_a.m4a,_levels_failed,PGEngine end/fail sound for ps2_10 (%@_fail[_%@] / %@_end_music_loop),
sounds/menu/levels_failed/ps2_10_fail_surface_b.m4a,_levels_failed,PGEngine end/fail sound for ps2_10 (%@_fail[_%@] / %@_end_music_loop),
sounds/menu/levels_failed/ps2_10_fail_surface_c.m4a,_levels_failed,PGEngine end/fail sound for ps2_10 (%@_fail[_%@] / %@_end_music_loop),
sounds/menu/levels_failed/ps2_11b_fail_a.m4a,_levels_failed,PGEngine end/fail sound for ps2_11b (%@_fail[_%@] / %@_end_music_loop),
sounds/menu/levels_failed/ps2_11b_fail_b.m4a,_levels_failed,PGEngine end/fail sound for ps2_11b (%@_fail[_%@] / %@_end_music_loop),
sounds/menu/levels_failed/ps2_11b_fail_c.m4a,_levels_failed,PGEngine end/fail sound for ps2_11b (%@_fail[_%@] / %@_end_music_loop),
sounds/menu/levels_failed/ps2_12_fail_a.m4a,_levels_failed,PGEngine end/fail sound for ps2_12 (%@_fail[_%@] / %@_end_music_loop),
sounds/menu/levels_failed/ps2_12_fail_b.m4a,_levels_failed,PGEngine end/fail sound for ps2_12 (%@_fail[_%@] / %@_end_music_loop),
sounds/menu/levels_failed/ps2_13_fail_drown_a.m4a,_levels_failed,PGEngine end/fail sound for ps2_13 (%@_fail[_%@] / %@_end_music_loop),
sounds/menu/levels_failed/ps2_13_fail_drown_b.m4a,_levels_failed,PGEngine end/fail sound for ps2_13 (%@_fail[_%@] / %@_end_music_loop),
sounds/menu/levels_failed/ps2_13_fail_drown_c.m4a,_levels_failed,PGEngine end/fail sound for ps2_13 (%@_fail[_%@] / %@_end_music_loop),
sounds/menu/levels_failed/ps2_14_fail_banging.m4a,_levels_failed,PGEngine end/fail sound for ps2_14 (%@_fail[_%@] / %@_end_music_loop),
sounds/menu/levels_failed/ps2_14_fail_explode.m4a,_levels_failed,PGEngine end/fail sound for ps2_14 (%@_fail[_%@] / %@_end_music_loop),
sounds/menu/levels_failed/ps2_14_fail_music.m4a,_levels_failed,PGEngine end/fail sound for ps2_14 (%@_fail[_%@] / %@_end_music_loop),
sounds/menu/levels_failed/ps2_14_fail_run.m4a,_levels_failed,PGEngine end/fail sound for ps2_14 (%@_fail[_%@] / %@_end_music_loop),
sounds/menu/levels_failed/ps2_14_fail_surface.m4a,_levels_failed,PGEngine end/fail sound for ps2_14 (%@_fail[_%@] / %@_end_music_loop),
sounds/menu/levels_failed/ps2_15_fail_ice_a.m4a,_levels_failed,PGEngine end/fail sound for ps2_15 (%@_fail[_%@] / %@_end_music_loop),
sounds/menu/levels_failed/ps2_15_fail_ice_b.m4a,_levels_failed,PGEngine end/fail sound for ps2_15 (%@_fail[_%@] / %@_end_music_loop),
sounds/menu/levels_failed/ps2_15_fail_ice_c.m4a,_levels_failed,PGEngine end/fail sound for ps2_15 (%@_fail[_%@] / %@_end_music_loop),
sounds/menu/levels_failed/ps2_15_fail_monster_a.m4a,_levels_failed,PGEngine end/fail sound for ps2_15 (%@_fail[_%@] / %@_end_music_loop),
sounds/menu/levels_failed/ps2_15_fail_monster_b.m4a,_levels_failed,PGEngine end/fail sound for ps2_15 (%@_fail[_%@] / %@_end_music_loop),
sounds/menu/levels_failed/ps2_15_fail_monster_c.m4a,_levels_failed,PGEngine end/fail sound for ps2_15 (%@_fail[_%@] / %@_end_music_loop),
sounds/menu/levels_failed/ps2_16_fail_a.m4a,_levels_failed,PGEngine end/fail sound for ps2_16 (%@_fail[_%@] / %@_end_music_loop),
sounds/menu/levels_failed/ps2_16_fail_b.m4a,_levels_failed,PGEngine end/fail sound for ps2_16 (%@_fail[_%@] / %@_end_music_loop),
sounds/menu/levels_failed/ps2_17_fail_a.m4a,_levels_failed,PGEngine end/fail sound for ps2_17 (%@_fail[_%@] / %@_end_music_loop),
sounds/menu/levels_failed/ps2_17_fail_b.m4a,_levels_failed,PGEngine end/fail sound for ps2_17 (%@_fail[_%@] / %@_end_music_loop),
sounds/menu/levels_failed/ps2_18_fail_a.m4a,_levels_failed,PGEngine end/fail sound for ps2_18 (%@_fail[_%@] / %@_end_music_loop),
sounds/menu/levels_failed/ps2_18_fail_b.m4a,_levels_failed,PGEngine end/fail sound for ps2_18 (%@_fail[_%@] / %@_end_music_loop),
sounds/menu/levels_failed/ps2_18_fail_c.m4a,_levels_failed,PGEngine end/fail sound for ps2_18 (%@_fail[_%@] / %@_end_music_loop),
sounds/menu/levels_failed/ps2_1_fail_a.m4a,_levels_failed,PGEngine end/fail sound for ps2_1 (%@_fail[_%@] / %@_end_music_loop),
sounds/menu/levels_failed/ps2_1_fail_b.m4a,_levels_failed,PGEngine end/fail sound for ps2_1 (%@_fail[_%@] / %@_end_music_loop),
sounds/menu/levels_failed/ps2_1_fail_c.m4a,_levels_failed,PGEngine end/fail sound for ps2_1 (%@_fail[_%@] / %@_end_music_loop),
sounds/menu/levels_failed/ps2_6_fail_a.m4a,_levels_failed,PGEngine end/fail sound for ps2_6 (%@_fail[_%@] / %@_end_music_loop),
sounds/menu/levels_failed/ps2_6_fail_b.m4a,_levels_failed,PGEngine end/fail sound for ps2_6 (%@_fail[_%@] / %@_end_music_loop),
sounds/menu/levels_failed/ps2_6_fail_c.m4a,_levels_failed,PGEngine end/fail sound for ps2_6 (%@_fail[_%@] / %@_end_music_loop),
sounds/menu/levels_failed/ps2_7_fail.m4a,_levels_failed,PGEngine end/fail sound for ps2_7 (%@_fail[_%@] / %@_end_music_loop),
sounds/menu/levels_failed/ps2_7_fail_cat_a.m4a,_levels_failed,PGEngine end/fail sound for ps2_7 (%@_fail[_%@] / %@_end_music_loop),
sounds/menu/levels_failed/ps2_7_fail_cat_b.m4a,_levels_failed,PGEngine end/fail sound for ps2_7 (%@_fail[_%@] / %@_end_music_loop),
sounds/menu/levels_failed/ps2_7_fail_ceiling.m4a,_levels_failed,PGEngine end/fail sound for ps2_7 (%@_fail[_%@] / %@_end_music_loop),
sounds/menu/levels_failed/ps2_7_fail_drown.m4a,_levels_failed,PGEngine end/fail sound for ps2_7 (%@_fail[_%@] / %@_end_music_loop),
sounds/menu/levels_failed/ps2_7_fail_wall_a.m4a,_levels_failed,PGEngine end/fail sound for ps2_7 (%@_fail[_%@] / %@_end_music_loop),
sounds/menu/levels_failed/ps2_8_fail_monster_a.m4a,_levels_failed,PGEngine end/fail sound for ps2_8 (%@_fail[_%@] / %@_end_music_loop),
sounds/menu/levels_failed/ps2_8_fail_monster_b.m4a,_levels_failed,PGEngine end/fail sound for ps2_8 (%@_fail[_%@] / %@_end_music_loop),
sounds/menu/levels_failed/ps2_8_fail_surface_a.m4a,_levels_failed,PGEngine end/fail sound for ps2_8 (%@_fail[_%@] / %@_end_music_loop),
sounds/menu/levels_failed/ps2_8_fail_surface_b.m4a,_levels_failed,PGEngine end/fail sound for ps2_8 (%@_fail[_%@] / %@_end_music_loop),
sounds/menu/levels_failed/ps2_8_fail_surface_c.m4a,_levels_failed,PGEngine end/fail sound for ps2_8 (%@_fail[_%@] / %@_end_music_loop),
sounds/menu/levels_failed/ps2_9_fail_surface_a.m4a,_levels_failed,PGEngine end/fail sound for ps2_9 (%@_fail[_%@] / %@_end_music_loop),
sounds/menu/levels_failed/ps2_9_fail_surface_b.m4a,_levels_failed,PGEngine end/fail sound for ps2_9 (%@_fail[_%@] / %@_end_music_loop),
sounds/menu/lost_memories/lost_memory_10_UOS.m4a,lost_memories,PGEngine playFailSoundForLevel: (lost_memory_%i_UOS),
sounds/menu/lost_memories/lost_memory_11_UOS.m4a,lost_memories,PGEngine playFailSoundForLevel: (lost_memory_%i_UOS),
sounds/menu/lost_memories/lost_memory_12_UOS.m4a,lost_memories,PGEngine playFailSoundForLevel: (lost_memory_%i_UOS),
sounds/menu/lost_memories/lost_memory_13_UOS.m4a,lost_memories,PGEngine playFailSoundForLevel: (lost_memory_%i_UOS),
sounds/menu/lost_memories/lost_memory_14_UOS.m4a,lost_memories,PGEngine playFailSoundForLevel: (lost_memory_%i_UOS),
sounds/menu/lost_memories/lost_memory_15_UOS.m4a,lost_memories,PGEngine playFailSoundForLevel: (lost_memory_%i_UOS),
sounds/menu/lost_memories/lost_memory_16_UOS.m4a,lost_memories,PGEngine playFailSoundForLevel: (lost_memory_%i_UOS),
sounds/menu/lost_memories/lost_memory_17_UOS.m4a,lost_memories,PGEngine playFailSoundForLevel: (lost_memory_%i_UOS),
sounds/menu/lost_memories/lost_memory_18_UOS.m4a,lost_memories,PGEngine playFailSoundForLevel: (lost_memory_%i_UOS),
sounds/menu/lost_memories/lost_memory_19_UOS.m4a,lost_memories,PGEngine playFailSoundForLevel: (lost_memory_%i_UOS),
sounds/menu/lost_memories/lost_memory_1_UOS.m4a,lost_memories,PGEngine playFailSoundForLevel: (lost_memory_%i_UOS),
sounds/menu/lost_memories/lost_memory_20_UOS.m4a,lost_memories,PGEngine playFailSoundForLevel: (lost_memory_%i_UOS),
sounds/menu/lost_memories/lost_memory_21_UOS.m4a,lost_memories,PGEngine playFailSoundForLevel: (lost_memory_%i_UOS),
sounds/menu/lost_memories/lost_memory_22_UOS.m4a,lost_memories,PGEngine playFailSoundForLevel: (lost_memory_%i_UOS),
sounds/menu/lost_memories/lost_memory_23_UOS.m4a,lost_memories,PGEngine playFailSoundForLevel: (lost_memory_%i_UOS),
sounds/menu/lost_memories/lost_memory_24_UOS.m4a,lost_memories,PGEngine playFailSoundForLevel: (lost_memory_%i_UOS),
sounds/menu/lost_memories/lost_memory_25_UOS.m4a,lost_memories,PGEngine playFailSoundForLevel: (lost_memory_%i_UOS),
sounds/menu/lost_memories/lost_memory_2_UOS.m4a,lost_memories,PGEngine playFailSoundForLevel: (lost_memory_%i_UOS),
sounds/menu/lost_memories/lost_memory_3_UOS.m4a,lost_memories,PGEngine playFailSoundForLevel: (lost_memory_%i_UOS),
sounds/menu/lost_memories/lost_memory_4_UOS.m4a,lost_memories,PGEngine playFailSoundForLevel: (lost_memory_%i_UOS),
sounds/menu/lost_memories/lost_memory_5_UOS.m4a,lost_memories,PGEngine playFailSoundForLevel: (lost_memory_%i_UOS),
sounds/menu/lost_memories/lost_memory_6_UOS.m4a,lost_memories,PGEngine playFailSoundForLevel: (lost_memory_%i_UOS),
sounds/menu/lost_memories/lost_memory_7_UOS.m4a,lost_memories,PGEngine playFailSoundForLevel: (lost_memory_%i_UOS),
sounds/menu/lost_memories/lost_memory_8_UOS.m4a,lost_memories,PGEngine playFailSoundForLevel: (lost_memory_%i_UOS),
sounds/menu/lost_memories/lost_memory_9_UOS.m4a,lost_memories,PGEngine playFailSoundForLevel: (lost_memory_%i_UOS),
sounds/menu/menu_global/menu_death_atmos.m4a,menu_global,-[PGEngine playMenuAtmos] / playMenuDeathAtmos (literal),
sounds/menu/menu_global/papa_engine_splash_UOS.m4a,menu_global,-[PGEViewController] splash (literal),
sounds/needle_jerk/needle_jerk_UOS.m4a,_needle_jerk,ps2_12:pre_door.collectSound (exact);ps2_13:pre_door.collectSound (exact);ps2_14:pre_door.collectSound (exact);ps2_15:pre_door.collectSound (exact);ps2_16:pre_door.collectSound (exact),
sounds/pier/6_atmos_UOS.mp3,_pier,ps2_12:atmos1.soundList (exact);ps2_6:atmos.soundList (exact),
sounds/pier/6_atmos_evil_UOS.mp3,_pier,ps2_12:atmos_evil.soundList (prefix);ps2_6:atmos_evil.soundList (prefix),
sounds/pier/6_fair_stand_SPA.m4a,_pier,ps2_12:sound_a.soundList (exact);ps2_12:sound_a3.soundList (exact);ps2_6:organist.soundList (exact);ps2_6:organist_notOn4.soundList (exact),
sounds/pier/arcade_sound_SPA.m4a,_pier,ps2_12:sound_d.soundList (exact);ps2_6:arcade.soundList (exact);ps2_6:arcade_notOn4.soundList (exact),
sounds/placeholder_script.mp3,,,
sounds/ps2_1/1_SPEECH_hint.m4a,ps2_1,ps2_1:Room.inactivitySounds (exact),
sounds/ps2_1/1_SPEECH_intro2_UOS.m4a,ps2_1,ps2_1:Intro2.soundList (exact),
sounds/ps2_1/1_SPEECH_intro_UOS.m4a,ps2_1,ps2_1:Intro.soundList (exact),
sounds/ps2_1/1_SPEECH_oncollect_1_UOS.m4a,ps2_1,ps2_1:collect1_speech.soundList (exact),
sounds/ps2_1/1_SPEECH_oncollect_2_UOS.m4a,ps2_1,ps2_1:collect2_speech.soundList (exact),
sounds/ps2_1/1_SPEECH_oncollect_3_UOS.m4a,ps2_1,ps2_1:collect3_speech.soundList (exact),
sounds/ps2_1/1_SPEECH_open_case.m4a,ps2_1,,
sounds/ps2_1/1_SPEECH_precollect_3_UOS.m4a,ps2_1,ps2_1:smash_instructions.soundList (exact),
sounds/ps2_1/1_SPEECH_prompt_hands_a.m4a,ps2_1,ps2_1:Room.OnRightHand>PlaySound (prefix x3 (random));ps2_1:hand_prompt.soundList (prefix x3 (random)),
sounds/ps2_1/1_SPEECH_prompt_hands_b.m4a,ps2_1,ps2_1:Room.OnRightHand>PlaySound (prefix x3 (random));ps2_1:hand_prompt.soundList (prefix x3 (random)),
sounds/ps2_1/1_SPEECH_prompt_hands_c.m4a,ps2_1,ps2_1:Room.OnRightHand>PlaySound (prefix x3 (random));ps2_1:hand_prompt.soundList (prefix x3 (random)),
sounds/ps2_1/1_SPEECH_prompt_no_clap_UOS.m4a,ps2_1,ps2_1:no_clap_prompt.soundList (exact),
sounds/ps2_1/1_SPEECH_warning_brainlouse_intro.m4a,ps2_1,ps2_1:monster_warning.soundList (exact),
sounds/ps2_1/1_atmos.m4a,ps2_1,ps2_1:atmos.soundList (exact),
sounds/ps2_1/1_end_UOS.m4a,ps2_1,ps2_1:door.collectSound (exact),
sounds/ps2_1/1_tripwire_critter.mp3,ps2_1,ps2_1:floor2.OnEnter>PlaySound (exact),
sounds/ps2_10/10_SPEECH_hint.m4a,ps2_10,,
sounds/ps2_10/10_SPEECH_instruction_ignore_it_1_UOS.m4a,ps2_10,ps2_10:patrick_shout_first.soundList (exact),
sounds/ps2_10/10_SPEECH_instruction_ignore_it_2_UOS.m4a,ps2_10,ps2_10:patrick_shout.soundList (exact),
sounds/ps2_10/10_SPEECH_instruction_tripwire_1_UOS.m4a,ps2_10,ps2_10:squash_1.soundList (exact),
sounds/ps2_10/10_SPEECH_instruction_tripwire_2_UOS.m4a,ps2_10,ps2_10:squash_2.soundList (exact),
sounds/ps2_10/10_SPEECH_instruction_tripwire_3_UOS.m4a,ps2_10,ps2_10:squash_3.soundList (exact),
sounds/ps2_10/10_SPEECH_intro_UOS.m4a,ps2_10,ps2_10:Intro.soundList (exact),
sounds/ps2_10/10_SPEECH_picture_found_UOS.m4a,ps2_10,ps2_10:picture_found_speech.soundList (exact),
sounds/ps2_10/10_SPEECH_warning_edge_UOS.m4a,ps2_10,ps2_10:warning_close_to_edge.soundList (exact),
sounds/ps2_10/10_SPEECH_warning_throw_over_UOS.m4a,ps2_10,ps2_10:first_throw_over_prompt.soundList (exact),
sounds/ps2_10/10_end_UOS.m4a,ps2_10,ps2_10:door.collectSound (exact),
sounds/ps2_10/10_picture_beacon_SPA.m4a,ps2_10,ps2_10:picture.loopSound (exact),
sounds/ps2_10/picture_found_SFX_UOS.m4a,ps2_10,ps2_10:picture.collectSound (exact),
sounds/ps2_11a/11_SPEECH_instruction_comeHere_SPA_UOS.m4a,ps2_11a,ps2_11a:comeHere.loopSound (exact),
sounds/ps2_11a/11_SPEECH_instruction_turnOver_SPA_UOS.m4a,ps2_11a,ps2_11a:turnOver.loopSound (exact),
sounds/ps2_11a/11_SPEECH_oncollect_comeHere_SPA_UOS.m4a,ps2_11a,ps2_11a:comeHere.collectSound (exact),
sounds/ps2_11a/11_SPEECH_oncollect_hat_on_UOS.m4a,ps2_11a,ps2_11a:put_hat_on.collectSound (exact),
sounds/ps2_11a/11_SPEECH_oncollect_turnOver_SPA_UOS.m4a,ps2_11a,ps2_11a:turnOver.collectSound (exact),
sounds/ps2_11a/11_SPEECH_oncomplete_waterPistol_UOS.m4a,ps2_11a,ps2_11a:end.soundList (exact),
sounds/ps2_11a/11_SPEECH_prompt_go_to_water_pistol_UOS_PRE.m4a,ps2_11a,ps2_11a:come_to_fountain_prompt.soundList (exact),
sounds/ps2_11a/11_SPEECH_prompt_intro1_SPA_UOS.m4a,ps2_11a,ps2_11a:intro1.soundList (exact),
sounds/ps2_11a/11_SPEECH_prompt_intro2_UOS.m4a,ps2_11a,ps2_11a:intro2.soundList (exact),
sounds/ps2_11a/11_SPEECH_prompt_intro3_SPA_UOS.m4a,ps2_11a,ps2_11a:intro3.soundList (exact),
sounds/ps2_11a/11_SPEECH_prompt_intro4_SPA_UOS.m4a,ps2_11a,ps2_11a:intro4.soundList (exact),
sounds/ps2_11a/11_SPEECH_prompt_intro6_SPA_UOS.m4a,ps2_11a,ps2_11a:intro6.soundList (exact),
sounds/ps2_11a/11_SPEECH_prompt_intro7_SPA_UOS.m4a,ps2_11a,ps2_11a:intro7.soundList (exact),
sounds/ps2_11a/11_SPEECH_prompt_intro8_SPA_UOS.m4a,ps2_11a,ps2_11a:intro8.soundList (exact),
sounds/ps2_11a/11_SPEECH_prompt_put_hat_on_SPA_UOS.m4a,ps2_11a,ps2_11a:put_hat_on.loopSound (exact),
sounds/ps2_11a/11_gramophoneKicked_SPA_UOS.m4a,ps2_11a,ps2_11a:gramophone_kicked.soundList (exact),
sounds/ps2_11a/11a_SPEECH_phone_vibrate_UOS.m4a,ps2_11a,ps2_11a:vibrator.soundList (exact),
sounds/ps2_11a/11a_intro_sound_UOS.m4a,ps2_11a,ps2_11a:Intro_sound.soundList (exact),
sounds/ps2_11a/12_jangling_SPA.m4a,ps2_11a,ps2_11a:jangling_bells.soundList (exact),
sounds/ps2_11a/rolling_thunder_UOS.m4a,ps2_11a,ps2_11a:rolling_thunder.soundList (exact),
sounds/ps2_11b/11b_SPEECH_hint_shooting.m4a,ps2_11b,ps2_11b:Room.inactivitySounds (exact),
sounds/ps2_11b/11b_SPEECH_intro_UOS_PRE.m4a,ps2_11b,ps2_11b:Intro.soundList (exact),
sounds/ps2_11b/11b_SPEECH_oncollect_1_UOS.m4a,ps2_11b,ps2_11b:go_to_gramophone.soundList (exact),
sounds/ps2_11b/11b_SPEECH_zoo_warning_UOS.m4a,ps2_11b,ps2_11b:zoo_warning.soundList (exact),
sounds/ps2_11b/11b_end_instructions_UOS.m4a,ps2_11b,ps2_11b:end_instructions.soundList (exact),
sounds/ps2_11b/11b_end_music_UOS.m4a,ps2_11b,ps2_11b:gramophone_loop.collectSound (exact),
sounds/ps2_11b/11b_prompt_needle_on_record_UOS.m4a,ps2_11b,ps2_11b:needle_prompt.soundList (exact),
sounds/ps2_12/12_SPEECH_duck_hit_1_UOS.m4a,_ps2_12;ps2_12,ps2_12:hit1.soundList (exact),
sounds/ps2_12/12_SPEECH_duck_hit_2_UOS.m4a,_ps2_12;ps2_12,ps2_12:hit2.soundList (exact),
sounds/ps2_12/12_SPEECH_duck_warning_1_UOS.m4a,_ps2_12;ps2_12,ps2_12:duck_warning_1.soundList (exact),
sounds/ps2_12/12_SPEECH_duck_warning_2_UOS.m4a,_ps2_12;ps2_12,ps2_12:duck_warning_2.soundList (exact),
sounds/ps2_12/12_SPEECH_duck_warning_4_UOS.m4a,_ps2_12;ps2_12,ps2_12:duck_warning_4.soundList (exact),
sounds/ps2_12/12_SPEECH_instruction_on_train_UOS.m4a,_ps2_12;ps2_12,ps2_12:train_instructions.soundList (exact),
sounds/ps2_12/12_SPEECH_intro_UOS.m4a,_ps2_12;ps2_12,ps2_12:Intro.soundList (exact),
sounds/ps2_12/12_SPEECH_oncollect_1_UOS.m4a,_ps2_12;ps2_12,ps2_12:memory1.OnCollide>PlaySound (exact),
sounds/ps2_12/12_SPEECH_oncollect_3_UOS.m4a,_ps2_12;ps2_12,ps2_12:memory3.OnCollide>PlaySound (exact),
sounds/ps2_12/12_SPEECH_precollect_1_UOS.m4a,_ps2_12;ps2_12,ps2_12:first_collectible_coming.soundList (exact),
sounds/ps2_12/12_SPEECH_precollect_final_UOS.m4a,_ps2_12;ps2_12,ps2_12:last_collectible_coming.soundList (exact),
sounds/ps2_12/12_SPEECH_prompt_lift_needle_UOS.m4a,ps2_12,ps2_12:take_needle_prompt.soundList (exact),
sounds/ps2_12/12_SPEECH_prompt_smash_record_UOS.m4a,ps2_12,ps2_12:shake_prompt.soundList (exact),
sounds/ps2_12/12_SPEECH_white_room_UOS.m4a,_ps2_12;ps2_12,ps2_12:take_needle_off.soundList (exact),
sounds/ps2_12/12_SPEECH_white_room_destroy_UOS.m4a,ps2_12,ps2_12:white_room_destroy.soundList (exact),
sounds/ps2_12/12_atmos_train_SPA.m4a,_ps2_12;ps2_12,ps2_12:atmos_train.soundList (exact),
sounds/ps2_12/12_atmos_train_start_SPA_UOS.m4a,_ps2_12;ps2_12,ps2_12:atmos_train_start.soundList (exact),
sounds/ps2_12/12_bell_SPA.m4a,ps2_12,ps2_12:sound_b.soundList (exact);ps2_12:sound_b2.soundList (exact),
sounds/ps2_12/12_end_UOS.m4a,_ps2_12;ps2_12,ps2_12:door.collectSound (exact),
sounds/ps2_12/12_horn_SPA.m4a,_ps2_12;ps2_12,ps2_12:sound_c.soundList (exact);ps2_12:sound_d2.soundList (exact),
sounds/ps2_12/12_jangling_SPA.m4a,_ps2_12;ps2_12,ps2_12:sound_e2.soundList (exact),
sounds/ps2_12/12_train_stop_SPA_UOS.m4a,_ps2_12;ps2_12,ps2_12:train_start.soundList (exact),
sounds/ps2_12/ps2_Intro_end_music_loop_UOS_PRE.m4a,ps2_12,ps2_12:gramophone_music.soundList (exact),
sounds/ps2_13/13_atmos_in.mp3,_ps2_13;ps2_13,ps2_13:atmos_in.soundList (exact),
sounds/ps2_13/13_atmos_out.mp3,_ps2_13;ps2_13,ps2_13:atmos_out.soundList (exact),
sounds/ps2_13/13_bubbles_collected.m4a,_ps2_13;ps2_13,ps2_13:note1.collectSound (exact);ps2_13:note2.collectSound (exact);ps2_13:note3.collectSound (exact);ps2_13:note4.collectSound (exact);ps2_13:note5.collectSound (exact),
sounds/ps2_13/13_bubbles_collected_exit.m4a,ps2_13,ps2_13:breathing.OnDeactivate>PlaySound (exact),
sounds/ps2_13/13_easteregg_SPA_UOS.m4a,ps2_13,ps2_13:easter_egg.introSound (exact);ps2_13:easter_egg.loopSound (exact),
sounds/ps2_13/13_easteregg_collected_SPA_UOS.m4a,ps2_13,ps2_13:easter_egg.collectSound (exact),
sounds/ps2_13/13_end_UOS.m4a,_ps2_13;ps2_13,ps2_13:door.collectSound (exact),
sounds/ps2_13/13_submarine_SPEECH_easteregg_UOS.m4a,ps2_13,ps2_13:easteregg_collected.soundList (exact),
sounds/ps2_13/13_submarine_SPEECH_gooutside_instructions_UOS.m4a,_ps2_13;ps2_13,ps2_13:gooutside_instructions.soundList (exact),
sounds/ps2_13/13_submarine_SPEECH_intro_UOS.m4a,_ps2_13;ps2_13,ps2_13:Intro.soundList (exact),
sounds/ps2_13/13_submarine_SPEECH_on_get_air_1_UOS.m4a,_ps2_13;ps2_13,ps2_13:get_air1.soundList (exact),
sounds/ps2_13/13_submarine_SPEECH_on_get_air_2_UOS.m4a,_ps2_13;ps2_13,ps2_13:get_air2.soundList (exact),
sounds/ps2_13/13_submarine_SPEECH_oncollect_1_UOS.m4a,_ps2_13;ps2_13,ps2_13:memory1_collected.soundList (exact),
sounds/ps2_13/13_submarine_SPEECH_oncollect_2_UOS.m4a,_ps2_13;ps2_13,ps2_13:memory2_collected.soundList (exact),
sounds/ps2_13/13_submarine_SPEECH_oncollect_final_UOS.m4a,_ps2_13;ps2_13,ps2_13:memory_final_collected.soundList (exact),
sounds/ps2_13/13_submarine_SPEECH_precollect_long_UOS.m4a,_ps2_13;ps2_13,ps2_13:smash_instructions.soundList (exact),
sounds/ps2_13/13_submarine_SPEECH_precollect_short_a.m4a,ps2_13,ps2_13:memory2.OnCollide>PlaySound (prefix x3 (random));ps2_13:memory3.OnCollide>PlaySound (prefix x3 (random));ps2_13:memory4.OnCollide>PlaySound (prefix x3 (random));ps2_13:memory5.OnCollide>PlaySound (prefix x3 (random)),
sounds/ps2_13/13_submarine_SPEECH_precollect_short_b.m4a,ps2_13,ps2_13:memory2.OnCollide>PlaySound (prefix x3 (random));ps2_13:memory3.OnCollide>PlaySound (prefix x3 (random));ps2_13:memory4.OnCollide>PlaySound (prefix x3 (random));ps2_13:memory5.OnCollide>PlaySound (prefix x3 (random)),
sounds/ps2_13/13_submarine_SPEECH_precollect_short_c.m4a,ps2_13,ps2_13:memory2.OnCollide>PlaySound (prefix x3 (random));ps2_13:memory3.OnCollide>PlaySound (prefix x3 (random));ps2_13:memory4.OnCollide>PlaySound (prefix x3 (random));ps2_13:memory5.OnCollide>PlaySound (prefix x3 (random)),
sounds/ps2_13/13_submarine_SPEECH_prompt_lift_needle_UOS.m4a,ps2_13,ps2_13:take_needle_prompt.soundList (exact),
sounds/ps2_13/13_submarine_SPEECH_prompt_smash_record_UOS.m4a,ps2_13,ps2_13:shake_prompt.soundList (exact),
sounds/ps2_13/13_submarine_SPEECH_warning_air_UOS.m4a,_ps2_13;ps2_13,ps2_13:gag_warning.soundList (exact),
sounds/ps2_13/13_submarine_SPEECH_warning_on_trip_UOS.m4a,_ps2_13;ps2_13,ps2_13:trip_warning.soundList (exact),
sounds/ps2_13/13_submarine_SPEECH_warning_shark_UOS.m4a,_ps2_13;ps2_13,ps2_13:memory3_collected.soundList (exact),
sounds/ps2_13/13_submarine_SPEECH_white_room_UOS.m4a,_ps2_13;ps2_13,ps2_13:take_needle_off.soundList (exact),
sounds/ps2_13/13_submarine_SPEECH_white_room_destroy_UOS.m4a,ps2_13,ps2_13:white_room_destroy.soundList (exact),
sounds/ps2_13/13_whale_SPA_UOS.m4a,ps2_13,ps2_13:whale.soundList (exact),
sounds/ps2_13/bubbles_SPA.m4a,_ps2_13;ps2_13,ps2_13:note1.introSound (exact);ps2_13:note1.loopSound (exact);ps2_13:note2.introSound (exact);ps2_13:note2.loopSound (exact);ps2_13:note3.introSound (exact);ps2_13:note3.loopSound (exact);ps2_13:note4.introSound (exact);ps2_13:note4.loopSound (exact);ps2_13:note5.introSound (exact);ps2_13:note5.loopSound (exact),
sounds/ps2_13/diversbreath_submarine_short.m4a,_ps2_13;ps2_13,ps2_13:breathing.soundList (exact),
sounds/ps2_13/drowning.m4a,ps2_13,ps2_13:Player.drowningSound (exact),
sounds/ps2_13/gagging_submarine.m4a,_ps2_13;ps2_13,ps2_13:Player.gaggingSound (exact),
sounds/ps2_13/ps2_1_end_music_loop_UOS_PRE.m4a,ps2_13,ps2_13:gramophone_music.soundList (exact),
sounds/ps2_14/14_SPEECH__extinguisher_1_UOS.m4a,_ps2_14;ps2_14,ps2_14:use_extinguisher.soundList (exact),
sounds/ps2_14/14_SPEECH__extinguisher_2_UOS.m4a,_ps2_14;ps2_14,ps2_14:use_extinguisher_2.soundList (exact),
sounds/ps2_14/14_SPEECH__first_collect_UOS.m4a,ps2_14,ps2_14:first_collect.soundList (exact),
sounds/ps2_14/14_SPEECH__first_door_smash_UOS.m4a,ps2_14,ps2_14:first_door_smash.soundList (exact),
sounds/ps2_14/14_SPEECH__fletcher_door_smash_keep_hitting_UOS.m4a,ps2_14,ps2_14:smash_keep_hitting.soundList (exact),
sounds/ps2_14/14_SPEECH__fletcher_door_smash_take_a_few_hits_UOS.m4a,ps2_14,ps2_14:take_a_few_hits.soundList (exact),
sounds/ps2_14/14_SPEECH__go_to_exit_UOS.m4a,ps2_14,ps2_14:go_to_exit.soundList (exact),
sounds/ps2_14/14_SPEECH__keep_running_UOS.m4a,_ps2_14;ps2_14,ps2_14:keep_running.soundList (exact),
sounds/ps2_14/14_SPEECH__not_aimed_at_oil.m4a,ps2_14,ps2_14:extinguisher_miss.soundList (exact),
sounds/ps2_14/14_SPEECH__old_man_shout_SPA_UOS.m4a,ps2_14,ps2_14:man_shout.introSound (exact),
sounds/ps2_14/14_SPEECH__on_declining_rescue_UOS.m4a,ps2_14,ps2_14:decline_rescue.soundList (exact),
sounds/ps2_14/14_SPEECH__prompt_lift_needle_UOS.m4a,_ps2_14;ps2_14,ps2_14:take_needle_prompt.soundList (exact),
sounds/ps2_14/14_SPEECH__prompt_smash_record_UOS.m4a,_ps2_14;ps2_14,ps2_14:shake_prompt.soundList (exact),
sounds/ps2_14/14_SPEECH__run_to_exit_UOS.m4a,_ps2_14;ps2_14,ps2_14:roof_warning.soundList (exact),
sounds/ps2_14/14_SPEECH__second_collect_UOS.m4a,ps2_14,ps2_14:second_collect.soundList (exact),
sounds/ps2_14/14_SPEECH__second_door_smash_UOS.m4a,ps2_14,ps2_14:second_door_smash.soundList (exact),
sounds/ps2_14/14_SPEECH__shake_extinguisher_2_UOS.m4a,_ps2_14;ps2_14,ps2_14:warning_firework.soundList (exact),
sounds/ps2_14/14_SPEECH__shake_extinguisher_UOS.m4a,_ps2_14;ps2_14,ps2_14:shake_extinguisher.soundList (exact),
sounds/ps2_14/14_SPEECH__smash_door_UOS.m4a,_ps2_14;ps2_14,ps2_14:use_axe.soundList (exact),
sounds/ps2_14/14_SPEECH__smash_memory_1_UOS.m4a,_ps2_14;ps2_14,ps2_14:use_extinguisher_to_collect.soundList (exact),
sounds/ps2_14/14_SPEECH__smash_memory_2_UOS.m4a,ps2_14,ps2_14:use_extinguisher_to_collect_2.soundList (exact),
sounds/ps2_14/14_SPEECH__smash_memory_3_UOS.m4a,ps2_14,ps2_14:use_extinguisher_to_collect_3.soundList (exact),
sounds/ps2_14/14_SPEECH__third_door_smash_UOS.m4a,ps2_14,ps2_14:third_door_smash.soundList (exact),
sounds/ps2_14/14_SPEECH__warning_short_a.m4a,ps2_14,,
sounds/ps2_14/14_SPEECH__warning_short_b.m4a,ps2_14,,
sounds/ps2_14/14_SPEECH__warning_short_c.m4a,ps2_14,,
sounds/ps2_14/14_SPEECH__warning_short_d.m4a,ps2_14,,
sounds/ps2_14/14_SPEECH__white_room_UOS.m4a,_ps2_14;ps2_14,ps2_14:take_needle_off.soundList (exact),
sounds/ps2_14/14_SPEECH__white_room_destroy_UOS.m4a,_ps2_14;ps2_14,ps2_14:white_room_destroy.soundList (exact),
sounds/ps2_14/14_SPEECH_banging_choice_UOS.m4a,ps2_14,ps2_14:banging_choice.soundList (prefix),
sounds/ps2_14/14_SPEECH_banging_instructions_UOS.m4a,ps2_14,ps2_14:banging_instructions.soundList (prefix),
sounds/ps2_14/14_SPEECH_banging_run_UOS.m4a,ps2_14,ps2_14:banging_run.soundList (exact),
sounds/ps2_14/14_SPEECH_banging_safe_UOS.m4a,ps2_14,ps2_14:banging_safe.soundList (exact),
sounds/ps2_14/14_SPEECH_can_extinguished_UOS.m4a,ps2_14,ps2_14:can_extinguished.soundList (exact),
sounds/ps2_14/14_SPEECH_can_extinguisher_UOS.m4a,ps2_14,ps2_14:warning_can.soundList (exact),
sounds/ps2_14/14_SPEECH_final_smash_it_UOS.m4a,ps2_14,ps2_14:memory5.OnCollide>PlaySound (exact),
sounds/ps2_14/14_SPEECH_intro_UOS.m4a,_ps2_14;ps2_14,ps2_14:Intro.soundList (exact),
sounds/ps2_14/14_SPEECH_oncollect_go_to_exit_UOS.m4a,_ps2_14;ps2_14,ps2_14:put_off.soundList (exact),
sounds/ps2_14/14_SPEECH_smash_it_UOS.m4a,ps2_14,,
sounds/ps2_14/14__SPEECH_warning_close_UOS.m4a,ps2_14,ps2_14:warning_close.soundList (exact),
sounds/ps2_14/14_atmos_gasmask.m4a,_ps2_14;ps2_14,ps2_14:atmos_gasmask.soundList (exact),
sounds/ps2_14/14_banging_SPA.m4a,ps2_14,ps2_14:banging.soundList (exact),
sounds/ps2_14/14_break_door_with_extinguisher_a.m4a,ps2_14,ps2_14:banging.OnLeftHand>PlaySound (prefix x5 (random)),
sounds/ps2_14/14_break_door_with_extinguisher_b.m4a,ps2_14,ps2_14:banging.OnLeftHand>PlaySound (prefix x5 (random)),
sounds/ps2_14/14_break_door_with_extinguisher_c.m4a,ps2_14,ps2_14:banging.OnLeftHand>PlaySound (prefix x5 (random)),
sounds/ps2_14/14_break_door_with_extinguisher_d.m4a,ps2_14,ps2_14:banging.OnLeftHand>PlaySound (prefix x5 (random)),
sounds/ps2_14/14_break_door_with_extinguisher_e.m4a,ps2_14,ps2_14:banging.OnLeftHand>PlaySound (prefix x5 (random)),
sounds/ps2_14/14_burning_door_SPA.m4a,ps2_14,ps2_14:door_1_fire.sound (exact);ps2_14:door_2_fire.sound (exact);ps2_14:fire_door_3.sound (exact),
sounds/ps2_14/14_collapse_loop_SPA.m4a,ps2_14,ps2_14:explosions.chaseSound (exact),
sounds/ps2_14/14_door_smashed_UOS.m4a,ps2_14,ps2_14:smashed.soundList (exact),
sounds/ps2_14/14_end_UOS.m4a,_ps2_14;ps2_14,ps2_14:door.collectSound (exact),
sounds/ps2_14/14_explosion_intro_SPA.m4a,ps2_14,ps2_14:explosions.introSound (exact),
sounds/ps2_14/14_extinguisher_shake.m4a,ps2_14,ps2_14:extinguisher_shake.soundList (exact),
sounds/ps2_14/14_extinguisher_short.m4a,ps2_14,ps2_14:Player.beatSound (exact);ps2_14:extinguisher_loop.soundList (exact),
sounds/ps2_14/14_firework_SPA.m4a,_ps2_14;ps2_14,ps2_14:can.chaseSound (exact);ps2_14:firework_1.soundList (exact);ps2_14:firework_2.soundList (exact);ps2_14:firework_3.soundList (exact);ps2_14:firework_4.soundList (exact),
sounds/ps2_14/14_firework_dupe_SPA.m4a,ps2_14,ps2_14:firework_target.soundList (exact);ps2_14:firework_target_2.soundList (exact);ps2_14:firework_target_3.soundList (exact),
sounds/ps2_14/14_firework_intro_SPA.m4a,ps2_14,ps2_14:can.introSound (exact);ps2_14:firework_intro.soundList (exact),
sounds/ps2_14/14_foosteps_SPA.m4a,ps2_14,ps2_14:man_shout.soundList (exact);ps2_14:thanks.soundList (exact),
sounds/ps2_14/14_ondeath_explode_UOS.m4a,_ps2_14;ps2_14,ps2_14:fail_explode.soundList (exact),
sounds/ps2_14/14_ondeath_run_UOS.m4a,_ps2_14;ps2_14,ps2_14:fail_run.soundList (exact),
sounds/ps2_14/14_ondeath_wall_UOS.m4a,_ps2_14;ps2_14,ps2_14:door_1_fire.deathSound (exact);ps2_14:door_2_fire.deathSound (exact);ps2_14:fire_door_3.deathSound (exact);ps2_14:surface2.deathSound (exact),
sounds/ps2_14/14_roof_SPA_UOS.m4a,_ps2_14;ps2_14,,
sounds/ps2_14/14_speech_thanks_SPA_UOS.m4a,_ps2_14;ps2_14,ps2_14:thanks.introSound (exact),
sounds/ps2_14/7_glass_smash_SPA.m4a,_ps2_14;ps2_14,,
sounds/ps2_14/7_steam_put_out_SPA.m4a,_ps2_14;ps2_14,,
sounds/ps2_14/7_steam_put_out_fire_SPA.m4a,ps2_14,ps2_14:door_1_put_out_1.beatenSound (exact);ps2_14:door_2_put_out_1.beatenSound (exact);ps2_14:door_break_3.soundList (exact),
sounds/ps2_14/7_steam_put_out_firework_SPA.m4a,ps2_14,ps2_14:can.beatenSound (exact);ps2_14:can_explode.beatenSound (exact);ps2_14:can_explode2.beatenSound (exact);ps2_14:firework_put_off.soundList (exact),
sounds/ps2_14/PAPA_vat_of_oil_explosions_SPA.m4a,ps2_14,ps2_14:can_explode.chaseSound (exact);ps2_14:can_explode2.chaseSound (prefix),
sounds/ps2_14/ps2_2_end_music_loop_UOS_PRE.m4a,_ps2_14;ps2_14,ps2_14:gramophone_music.soundList (exact),
sounds/ps2_14/throw_fire.m4a,_ps2_14;ps2_14,ps2_14:door_1_fire.footstepsPrefix (throw_*);ps2_14:door_2_fire.footstepsPrefix (throw_*);ps2_14:fire_door_3.footstepsPrefix (throw_*);ps2_14:surface1.footstepsPrefix (throw_*);ps2_14:surface2.footstepsPrefix (throw_*);ps2_14:surface3.footstepsPrefix (throw_*);ps2_14:surface4.footstepsPrefix (throw_*);ps2_14:surface5.footstepsPrefix (throw_*);ps2_14:surface6.footstepsPrefix (throw_*),
sounds/ps2_14/throw_grass_a.m4a,ps2_14,ps2_14:Room.footstepsPrefix (throw_*);ps2_14:bloc_entrance.footstepsPrefix (throw_*);ps2_14:keep_running_surface.footstepsPrefix (throw_*);ps2_14:not_deadly_banging_surface.footstepsPrefix (throw_*);ps2_14:tripwire1.footstepsPrefix (throw_*);ps2_14:tripwire2.footstepsPrefix (throw_*);ps2_14:tripwire3.footstepsPrefix (throw_*);ps2_14:tripwire4.footstepsPrefix (throw_*);ps2_14:tripwire_banging_exit_surface.footstepsPrefix (throw_*);ps2_14:tripwire_banging_surface.footstepsPrefix (throw_*);ps2_14:tripwire_can.footstepsPrefix (throw_*);ps2_14:tripwire_choice_surface.footstepsPrefix (throw_*);ps2_14:tripwire_decline_rescue.footstepsPrefix (throw_*);ps2_14:tripwire_firework.footstepsPrefix (throw_*);ps2_14:warning3.footstepsPrefix (throw_*);ps2_14:warning4.footstepsPrefix (throw_*),
sounds/ps2_14/throw_grass_b.m4a,ps2_14,ps2_14:Room.footstepsPrefix (throw_*);ps2_14:bloc_entrance.footstepsPrefix (throw_*);ps2_14:keep_running_surface.footstepsPrefix (throw_*);ps2_14:not_deadly_banging_surface.footstepsPrefix (throw_*);ps2_14:tripwire1.footstepsPrefix (throw_*);ps2_14:tripwire2.footstepsPrefix (throw_*);ps2_14:tripwire3.footstepsPrefix (throw_*);ps2_14:tripwire4.footstepsPrefix (throw_*);ps2_14:tripwire_banging_exit_surface.footstepsPrefix (throw_*);ps2_14:tripwire_banging_surface.footstepsPrefix (throw_*);ps2_14:tripwire_can.footstepsPrefix (throw_*);ps2_14:tripwire_choice_surface.footstepsPrefix (throw_*);ps2_14:tripwire_decline_rescue.footstepsPrefix (throw_*);ps2_14:tripwire_firework.footstepsPrefix (throw_*);ps2_14:warning3.footstepsPrefix (throw_*);ps2_14:warning4.footstepsPrefix (throw_*),
sounds/ps2_14/throw_grass_c.m4a,ps2_14,ps2_14:Room.footstepsPrefix (throw_*);ps2_14:bloc_entrance.footstepsPrefix (throw_*);ps2_14:keep_running_surface.footstepsPrefix (throw_*);ps2_14:not_deadly_banging_surface.footstepsPrefix (throw_*);ps2_14:tripwire1.footstepsPrefix (throw_*);ps2_14:tripwire2.footstepsPrefix (throw_*);ps2_14:tripwire3.footstepsPrefix (throw_*);ps2_14:tripwire4.footstepsPrefix (throw_*);ps2_14:tripwire_banging_exit_surface.footstepsPrefix (throw_*);ps2_14:tripwire_banging_surface.footstepsPrefix (throw_*);ps2_14:tripwire_can.footstepsPrefix (throw_*);ps2_14:tripwire_choice_surface.footstepsPrefix (throw_*);ps2_14:tripwire_decline_rescue.footstepsPrefix (throw_*);ps2_14:tripwire_firework.footstepsPrefix (throw_*);ps2_14:warning3.footstepsPrefix (throw_*);ps2_14:warning4.footstepsPrefix (throw_*),
sounds/ps2_15/15_SPEECH_hint.m4a,_ps2_15;ps2_15,ps2_15:Room.inactivitySounds (exact),
sounds/ps2_15/15_SPEECH_instruction_moving_bear_UOS.m4a,_ps2_15;ps2_15,ps2_15:moving_bear.soundList (exact),
sounds/ps2_15/15_SPEECH_instruction_on_first_kill_UOS.m4a,_ps2_15;ps2_15,ps2_15:first_kill.soundList (exact),
sounds/ps2_15/15_SPEECH_intro_UOS.m4a,_ps2_15;ps2_15,ps2_15:Intro.soundList (exact),
sounds/ps2_15/15_SPEECH_intro_once_moving_UOS.m4a,_ps2_15;ps2_15,ps2_15:intro2.soundList (exact),
sounds/ps2_15/15_SPEECH_prompt_jump_UOS.m4a,_ps2_15;ps2_15,ps2_15:real_jump_prompt.soundList (exact),
sounds/ps2_15/15_SPEECH_prompt_last_music_UOS.m4a,_ps2_15;ps2_15,ps2_15:last_music.soundList (exact),
sounds/ps2_15/15_SPEECH_prompt_lift_needle_UOS.m4a,_ps2_15;ps2_15,ps2_15:take_needle_prompt.soundList (exact),
sounds/ps2_15/15_SPEECH_prompt_smash_record_UOS.m4a,_ps2_15;ps2_15,ps2_15:shake_prompt.soundList (exact),
sounds/ps2_15/15_SPEECH_prompt_stop_slashing_UOS.m4a,_ps2_15;ps2_15,,
sounds/ps2_15/15_SPEECH_prompt_under_ice_UOS.m4a,_ps2_15;ps2_15,ps2_15:jump_prompt.soundList (exact),
sounds/ps2_15/15_SPEECH_prompt_wrong_way.m4a,_ps2_15;ps2_15,ps2_15:floor_walking_away.OnEnter>PlaySound (exact),
sounds/ps2_15/15_SPEECH_warning_penguin_appear_1_UOS.m4a,_ps2_15;ps2_15,ps2_15:penguin_appear_warning.soundList (exact),
sounds/ps2_15/15_SPEECH_warning_penguin_appear_2_UOS.m4a,_ps2_15;ps2_15,ps2_15:penguin_appear_warning2.soundList (exact),
sounds/ps2_15/15_SPEECH_warning_penguin_killed_UOS.m4a,_ps2_15;ps2_15,ps2_15:penguin_killer.soundList (exact),
sounds/ps2_15/15_SPEECH_white_room_UOS.m4a,_ps2_15;ps2_15,ps2_15:take_needle_off.soundList (exact),
sounds/ps2_15/15_SPEECH_white_room_destroy_UOS.m4a,_ps2_15;ps2_15,ps2_15:white_room_destroy.soundList (exact),
sounds/ps2_15/15_atmos.mp3,_ps2_15;ps2_15,ps2_15:atmos.soundList (exact),
sounds/ps2_15/15_end_UOS.m4a,_ps2_15;ps2_15,ps2_15:door.collectSound (exact),
sounds/ps2_15/15_ice_white_room_transition_UOS.m4a,_ps2_15;ps2_15,ps2_15:white_room.soundList (exact),
sounds/ps2_15/jumpSound.m4a,ps2_15,ps2_15:surface_jump.OnJump>PlaySound (exact),
sounds/ps2_15/music4_collectible_1_muted_SPA_UOS.m4a,_ps2_15;ps2_15,ps2_15:forgetfulman9.soundList (exact),
sounds/ps2_15/ps2_3_end_music_loop_UOS_PRE.m4a,_ps2_15;ps2_15,ps2_15:gramophone_music.soundList (exact),
sounds/ps2_16/16_SPEECH_countdown_UOS.m4a,_ps2_16;ps2_16,ps2_16:countdown.soundList (exact),
sounds/ps2_16/16_SPEECH_intro_UOS.m4a,_ps2_16;ps2_16,ps2_16:Intro.soundList (exact),
sounds/ps2_16/16_SPEECH_oncollect_1.m4a,_ps2_16;ps2_16,,
sounds/ps2_16/16_SPEECH_oncollect_final_UOS.m4a,_ps2_16;ps2_16,ps2_16:memory3.OnLeftHand>PlaySound (exact);ps2_16:memory3.OnRightHand>PlaySound (exact),
sounds/ps2_16/16_SPEECH_precollect_long_UOS.m4a,_ps2_16;ps2_16,ps2_16:smash_instructions.soundList (exact),
sounds/ps2_16/16_SPEECH_precollect_short.m4a,_ps2_16;ps2_16,ps2_16:memory2.OnCollide>PlaySound (exact);ps2_16:memory3.OnCollide>PlaySound (exact);ps2_16:memory4.OnCollide>PlaySound (exact),
sounds/ps2_16/16_SPEECH_prompt_lift_needle_UOS.m4a,_ps2_16;ps2_16,ps2_16:take_needle_prompt.soundList (exact),
sounds/ps2_16/16_SPEECH_prompt_smash_record_UOS.m4a,_ps2_16;ps2_16,ps2_16:shake_prompt.soundList (exact),
sounds/ps2_16/16_SPEECH_warning_too_long_UOS.m4a,_ps2_16;ps2_16,ps2_16:countdown.OnSoundEnd>PlaySound (exact),
sounds/ps2_16/16_SPEECH_white_room_UOS.m4a,_ps2_16;ps2_16,ps2_16:take_needle_off.soundList (exact),
sounds/ps2_16/16_SPEECH_white_room_destroy_UOS.m4a,_ps2_16;ps2_16,ps2_16:white_room_destroy.soundList (exact),
sounds/ps2_16/16_end_UOS.m4a,_ps2_16;ps2_16,ps2_16:door.collectSound (exact),
sounds/ps2_16/16_phone_sound_UOS.m4a,_ps2_16;ps2_16,ps2_16:door.loopSound (exact),
sounds/ps2_16/ps2_4_end_music_loop_UOS_PRE.m4a,ps2_16,ps2_16:gramophone_music.soundList (exact),
sounds/ps2_17/16_atmos.m4a,ps2_17,ps2_17:storm_atmos.soundList (exact),
sounds/ps2_17/16_thunder_on_e.mp3,ps2_17,ps2_17:thunder.soundList (exact);ps2_17:thunder2.soundList (exact);ps2_17:thunder_on.soundList (prefix),
sounds/ps2_17/17_SPEECH_intro_SPA_UOS.m4a,ps2_17,ps2_17:Intro.soundList (exact),
sounds/ps2_17/17_end_SPA_UOS.m4a,ps2_17,ps2_17:door.soundList (exact),
sounds/ps2_17/17_intro_sound_UOS.m4a,ps2_17,ps2_17:Intro_sound.soundList (exact),
sounds/ps2_17/atmos_thundery.m4a,ps2_17,,
sounds/ps2_18/16_atmos.m4a,ps2_18,ps2_18:storm_atmos.soundList (exact),
sounds/ps2_18/18_SPEECH__keep_moving_a.m4a,ps2_18,,
sounds/ps2_18/18_SPEECH__keep_moving_b.m4a,ps2_18,,
sounds/ps2_18/18_SPEECH__keep_moving_c.m4a,ps2_18,,
sounds/ps2_18/18_SPEECH_announcer_pistol_correction_UOS.m4a,ps2_18,ps2_18:announcer_water_pistol_correction.soundList (exact),
sounds/ps2_18/18_SPEECH_intro_SPA_UOS.m4a,ps2_18,ps2_18:Intro.soundList (exact),
sounds/ps2_18/18_SPEECH_intro_announcer_UOS.m4a,ps2_18,ps2_18:Intro_announcer.soundList (exact),
sounds/ps2_18/18_SPEECH_keep_moving_a.m4a,ps2_18,ps2_18:keep_moving.soundList (prefix x3 (random)),
sounds/ps2_18/18_SPEECH_keep_moving_b.m4a,ps2_18,ps2_18:keep_moving.soundList (prefix x3 (random)),
sounds/ps2_18/18_SPEECH_keep_moving_c.m4a,ps2_18,ps2_18:keep_moving.soundList (prefix x3 (random)),
sounds/ps2_18/18_SPEECH_papa_on_shoot_SPA_1.m4a,ps2_18,ps2_18:papa_water_pistol_taunt_1.soundList (prefix x5 (random));ps2_18:papa_water_pistol_taunt_2.soundList (prefix x5 (random));ps2_18:papa_water_pistol_taunt_3.soundList (prefix x5 (random)),
sounds/ps2_18/18_SPEECH_papa_on_shoot_SPA_2.m4a,ps2_18,ps2_18:papa_water_pistol_taunt_1.soundList (prefix x5 (random));ps2_18:papa_water_pistol_taunt_2.soundList (prefix x5 (random));ps2_18:papa_water_pistol_taunt_3.soundList (prefix x5 (random)),
sounds/ps2_18/18_SPEECH_papa_on_shoot_SPA_3.m4a,ps2_18,ps2_18:papa_water_pistol_taunt_1.soundList (prefix x5 (random));ps2_18:papa_water_pistol_taunt_2.soundList (prefix x5 (random));ps2_18:papa_water_pistol_taunt_3.soundList (prefix x5 (random)),
sounds/ps2_18/18_SPEECH_papa_on_shoot_SPA_4.m4a,ps2_18,ps2_18:papa_water_pistol_taunt_1.soundList (prefix x5 (random));ps2_18:papa_water_pistol_taunt_2.soundList (prefix x5 (random));ps2_18:papa_water_pistol_taunt_3.soundList (prefix x5 (random)),
sounds/ps2_18/18_SPEECH_papa_on_shoot_SPA_5.m4a,ps2_18,ps2_18:papa_water_pistol_taunt_1.soundList (prefix x5 (random));ps2_18:papa_water_pistol_taunt_2.soundList (prefix x5 (random));ps2_18:papa_water_pistol_taunt_3.soundList (prefix x5 (random)),
sounds/ps2_18/18_SPEECH_papa_picture_1_SPA_UOS.m4a,ps2_18,ps2_18:4_papa_1.beatenSound (prefix x6 (random));ps2_18:4_papa_2.beatenSound (prefix x6 (random));ps2_18:4_papa_3.beatenSound (prefix x6 (random)),
sounds/ps2_18/18_SPEECH_papa_picture_2_SPA_UOS.m4a,ps2_18,ps2_18:4_papa_1.beatenSound (prefix x6 (random));ps2_18:4_papa_2.beatenSound (prefix x6 (random));ps2_18:4_papa_3.beatenSound (prefix x6 (random)),
sounds/ps2_18/18_SPEECH_papa_picture_3_SPA_UOS.m4a,ps2_18,ps2_18:4_papa_1.beatenSound (prefix x6 (random));ps2_18:4_papa_2.beatenSound (prefix x6 (random));ps2_18:4_papa_3.beatenSound (prefix x6 (random)),
sounds/ps2_18/18_SPEECH_papa_picture_retreat_1_SPA_UOS.m4a,ps2_18,-[PGESound createSpatializedSound] prefix + picturesTaken (literal);ps2_18:4_papa_1.beatenSound (prefix x6 (random));ps2_18:4_papa_1_retreat.soundList (prefix x3 (random));ps2_18:4_papa_2.beatenSound (prefix x6 (random));ps2_18:4_papa_2_retreat.soundList (prefix x3 (random));ps2_18:4_papa_3.beatenSound (prefix x6 (random));ps2_18:4_papa_3_retreat.soundList (prefix x3 (random)),
sounds/ps2_18/18_SPEECH_papa_picture_retreat_2_SPA_UOS.m4a,ps2_18,-[PGESound createSpatializedSound] prefix + picturesTaken (literal);ps2_18:4_papa_1.beatenSound (prefix x6 (random));ps2_18:4_papa_1_retreat.soundList (prefix x3 (random));ps2_18:4_papa_2.beatenSound (prefix x6 (random));ps2_18:4_papa_2_retreat.soundList (prefix x3 (random));ps2_18:4_papa_3.beatenSound (prefix x6 (random));ps2_18:4_papa_3_retreat.soundList (prefix x3 (random)),
sounds/ps2_18/18_SPEECH_papa_picture_retreat_3_SPA_UOS.mp3,ps2_18,-[PGESound createSpatializedSound] prefix + picturesTaken (literal);ps2_18:4_papa_1.beatenSound (prefix x6 (random));ps2_18:4_papa_1_retreat.soundList (prefix x3 (random));ps2_18:4_papa_2.beatenSound (prefix x6 (random));ps2_18:4_papa_2_retreat.soundList (prefix x3 (random));ps2_18:4_papa_3.beatenSound (prefix x6 (random));ps2_18:4_papa_3_retreat.soundList (prefix x3 (random)),
sounds/ps2_18/18_SPEECH_prompt_camera_UOS.m4a,ps2_18,ps2_18:camera_prompt.soundList (exact),
sounds/ps2_18/18_SPEECH_prompt_camera_need_to_be_closer_UOS_a.m4a,ps2_18,ps2_18:camera_out_of_range.soundList (prefix x3 (random)),
sounds/ps2_18/18_SPEECH_prompt_camera_need_to_be_closer_UOS_b.m4a,ps2_18,ps2_18:camera_out_of_range.soundList (prefix x3 (random)),
sounds/ps2_18/18_SPEECH_prompt_camera_need_to_be_closer_UOS_c.m4a,ps2_18,ps2_18:camera_out_of_range.soundList (prefix x3 (random)),
sounds/ps2_18/18_SPEECH_prompt_on_hit_papa_1_announcer_UOS.m4a,ps2_18,ps2_18:papa_1_shot_announcer.soundList (exact),
sounds/ps2_18/18_SPEECH_prompt_on_hit_papa_2_announcer_UOS.m4a,ps2_18,ps2_18:papa_2_shot_announcer.soundList (exact),
sounds/ps2_18/18_SPEECH_prompt_on_shoot_out_of_range_SPA_UOS.m4a,ps2_18,ps2_18:papa_taunt_not_close_enough.soundList (exact),
sounds/ps2_18/18_SPEECH_shout_1_SPA_UOS.m4a,ps2_18,ps2_18:papa_shout_1.soundList (exact),
sounds/ps2_18/18_SPEECH_shout_2_SPA_UOS.m4a,ps2_18,ps2_18:papa_shout_2.soundList (exact),
sounds/ps2_18/18_SPEECH_shout_3_SPA_UOS.m4a,ps2_18,ps2_18:papa_shout_3.soundList (exact),
sounds/ps2_18/18_SPEECH_shout_4_SPA_UOS.m4a,ps2_18,ps2_18:papa_shout_4.soundList (exact),
sounds/ps2_18/18_SPEECH_shout_far_1_SPA_UOS.m4a,ps2_18,ps2_18:papa_far_shout_1.soundList (exact),
sounds/ps2_18/18_SPEECH_shout_far_2_SPA_UOS.m4a,ps2_18,ps2_18:papa_far_shout_2.soundList (exact),
sounds/ps2_18/18_SPEECH_shout_far_3_SPA_UOS.m4a,ps2_18,ps2_18:papa_far_shout_3.soundList (exact),
sounds/ps2_18/18_SPEECH_shout_far_4_SPA_UOS.m4a,ps2_18,ps2_18:papa_far_shout_4.soundList (exact),
sounds/ps2_18/18_camera_photo_taken.m4a,ps2_18,ps2_18:4_papa_1.OnStab>PlaySound (exact);ps2_18:4_papa_2.OnStab>PlaySound (exact);ps2_18:4_papa_3.OnStab>PlaySound (exact);ps2_18:Player.beatSound (exact);ps2_18:camera_sound_maker.OnRightHand>PlaySound (exact),
sounds/ps2_18/18_fire_atmos.m4a,ps2_18,ps2_18:fire_atmos.soundList (exact),
sounds/ps2_18/18_intro_sound_UOS.m4a,ps2_18,ps2_18:Intro_sound.soundList (exact),
sounds/ps2_18/18_papa_defeat_SFX.m4a,ps2_18,ps2_18:papa_defeated.soundList (exact),
sounds/ps2_18/18_papa_loop_a_SPA.m4a,ps2_18,ps2_18:4_papa_1.chaseSound (prefix x5 (random));ps2_18:4_papa_2.chaseSound (prefix x5 (random));ps2_18:4_papa_3.chaseSound (prefix x5 (random)),
sounds/ps2_18/18_papa_loop_b_SPA.m4a,ps2_18,ps2_18:4_papa_1.chaseSound (prefix x5 (random));ps2_18:4_papa_2.chaseSound (prefix x5 (random));ps2_18:4_papa_3.chaseSound (prefix x5 (random)),
sounds/ps2_18/18_papa_loop_c_SPA.m4a,ps2_18,ps2_18:4_papa_1.chaseSound (prefix x5 (random));ps2_18:4_papa_2.chaseSound (prefix x5 (random));ps2_18:4_papa_3.chaseSound (prefix x5 (random)),
sounds/ps2_18/18_papa_loop_d_SPA.m4a,ps2_18,ps2_18:4_papa_1.chaseSound (prefix x5 (random));ps2_18:4_papa_2.chaseSound (prefix x5 (random));ps2_18:4_papa_3.chaseSound (prefix x5 (random)),
sounds/ps2_18/18_papa_loop_e_SPA.m4a,ps2_18,ps2_18:4_papa_1.chaseSound (prefix x5 (random));ps2_18:4_papa_2.chaseSound (prefix x5 (random));ps2_18:4_papa_3.chaseSound (prefix x5 (random)),
sounds/ps2_18/18_papa_woosh_SPA.m4a,ps2_18,ps2_18:4_papa_1.OnBeatMissed>PlaySpatialSoundOnAgentWithName (exact);ps2_18:4_papa_1.introSound (exact);ps2_18:4_papa_1.shotSound (exact);ps2_18:4_papa_2.OnBeatMissed>PlaySpatialSoundOnAgentWithName (exact);ps2_18:4_papa_2.introSound (exact);ps2_18:4_papa_2.shotSound (exact);ps2_18:4_papa_3.OnBeatMissed>PlaySpatialSoundOnAgentWithName (exact);ps2_18:4_papa_3.introSound (exact);ps2_18:4_papa_3.shotSound (exact),
sounds/ps2_18/7_beam1_SPA_UOS.m4a,ps2_18,ps2_18:fire_sound_2.soundList (prefix);ps2_18:fire_sound_5.soundList (prefix),
sounds/ps2_18/7_explode1_SPA_UOS.m4a,ps2_18,ps2_18:fire_sound_3.soundList (prefix),
sounds/ps2_18/7_flare_SPA.m4a,ps2_18,ps2_18:fire_sound_1.soundList (exact);ps2_18:fire_sound_4.soundList (exact),
sounds/ps2_18/camera_tumble_UOS.m4a,ps2_18,ps2_18:camera_tumble.soundList (exact),
sounds/ps2_18/mindlouse_beaten_SPA.m4a,ps2_18,ps2_18:2_louse1.beatenSound (exact);ps2_18:2_louse1.shotSound (exact);ps2_18:2_louse2.beatenSound (exact);ps2_18:2_louse2.shotSound (exact);ps2_18:3_louse1.beatenSound (exact);ps2_18:3_louse1.shotSound (exact);ps2_18:3_louse2.beatenSound (exact);ps2_18:3_louse2.shotSound (exact);ps2_18:3_louse3.beatenSound (exact);ps2_18:3_louse3.shotSound (exact);ps2_18:4_louse1.beatenSound (exact);ps2_18:4_louse1.shotSound (exact);ps2_18:4_louse2.beatenSound (exact);ps2_18:4_louse2.shotSound (exact);ps2_18:4_louse3.beatenSound (exact);ps2_18:4_louse3.shotSound (exact);ps2_18:louse1.beatenSound (exact);ps2_18:louse1.shotSound (exact);ps2_18:louse2.beatenSound (exact);ps2_18:louse2.shotSound (exact);ps2_18:louse3.beatenSound (exact);ps2_18:louse3.shotSound (exact),
sounds/ps2_18/papa_kill_UOS.m4a,ps2_18,ps2_18:fail_sound.soundList (exact),
sounds/ps2_18/theme_collected_3_UOS.m4a,ps2_18,ps2_18:memory3.collectSound (exact),
sounds/ps2_18b/18b_SPEECH_aftershake.m4a,ps2_18b,ps2_18b:after_shake.soundList (exact),
sounds/ps2_18b/18b_SPEECH_instruction_shake.m4a,ps2_18b,ps2_18b:instruction_shake.soundList (exact),
sounds/ps2_18b/18b_SPEECH_intro_UOS.m4a,ps2_18b,ps2_18b:intro.soundList (exact),
sounds/ps2_18b/18b_SPEECH_prompt_shake.m4a,ps2_18b,ps2_18b:prompt_shake.soundList (exact),
sounds/ps2_18b/18b_SPEECH_prompt_unplug.m4a,ps2_18b,ps2_18b:prompt_unplug.soundList (exact),
sounds/ps2_18b/5a_gramophone_intro_UOS.m4a,ps2_18b,,
sounds/ps2_18b/5a_gramophone_loop_SPA.m4a,ps2_18b,,
sounds/ps2_18b/5a_gramophone_loop_dupe_SPA.m4a,ps2_18b,,
sounds/ps2_18b/final_level_opener_UOS.m4a,ps2_18b,ps2_18b:Intro_sound.soundList (exact),
sounds/ps2_2/2_SPEECH_hint.m4a,ps2_2,ps2_2:Room.inactivitySounds (exact),
sounds/ps2_2/2_SPEECH_intro_UOS.m4a,ps2_2,ps2_2:Intro.soundList (exact),
sounds/ps2_2/2_SPEECH_oncollect_1_UOS.m4a,ps2_2,ps2_2:collect1_speech.soundList (exact),
sounds/ps2_2/2_SPEECH_oncollect_2_UOS.m4a,ps2_2,ps2_2:collect2_speech.soundList (exact);ps2_2:memory2_BU.OnLeftHand>PlaySound (exact);ps2_2:memory2_BU.OnRightHand>PlaySound (exact),
sounds/ps2_2/2_SPEECH_oncollect_3_UOS.m4a,ps2_2,ps2_2:collect3_speech.soundList (exact),
sounds/ps2_2/2_SPEECH_precollect_2_UOS.m4a,ps2_2,ps2_2:smash_instructions.soundList (exact),
sounds/ps2_2/2_SPEECH_precollect_3_UOS.m4a,ps2_2,ps2_2:smash_instructions2.soundList (exact),
sounds/ps2_2/2_atmos.m4a,ps2_2,ps2_2:atmos.soundList (exact),
sounds/ps2_2/2_end_UOS.m4a,ps2_2,ps2_2:door.collectSound (exact),
sounds/ps2_2/2_tripwire_critter.mp3,ps2_2,ps2_2:floor1.OnEnter>PlaySound (exact),
sounds/ps2_2/clock_SPA.m4a,ps2_2,ps2_2:clock.soundList (exact),
sounds/ps2_3/3_SPEECH_hint.m4a,ps2_3,ps2_3:Room.inactivitySounds (exact),
sounds/ps2_3/3_SPEECH_intro_UOS.m4a,ps2_3,ps2_3:Intro.soundList (exact),
sounds/ps2_3/3_SPEECH_oncollect_1_UOS.m4a,ps2_3,ps2_3:collect1_speech.soundList (exact),
sounds/ps2_3/3_SPEECH_oncollect_2_UOS.m4a,ps2_3,ps2_3:collect2_speech.soundList (exact),
sounds/ps2_3/3_SPEECH_oncollect_3_UOS.m4a,ps2_3,ps2_3:collect3_speech.soundList (exact),
sounds/ps2_3/3_SPEECH_oncollect_easteregg_UOS.m4a,ps2_3,ps2_3:easteregg_collected.soundList (exact),
sounds/ps2_3/3_atmos.m4a,ps2_3,ps2_3:atmos.soundList (exact),
sounds/ps2_3/3_easteregg_SPA.m4a,ps2_3,ps2_3:easter_egg.introSound (exact);ps2_3:easter_egg.loopSound (exact),
sounds/ps2_3/3_easteregg_collect_UOS.m4a,ps2_3,ps2_3:easter_egg.collectSound (exact),
sounds/ps2_3/3_end_UOS.m4a,ps2_3,ps2_3:door.collectSound (exact),
sounds/ps2_3/PAPA_mice_trip_LONGER.m4a,ps2_3,ps2_3:floor1.OnEnter>PlaySound (exact),
sounds/ps2_4/4_SPEECH_hint.m4a,ps2_4,ps2_4:Room.inactivitySounds (exact),
sounds/ps2_4/4_SPEECH_intro_UOS.m4a,ps2_4,ps2_4:Intro.soundList (exact),
sounds/ps2_4/4_SPEECH_oncollect_1_UOS.m4a,ps2_4,ps2_4:floor_warning1.soundList (exact),
sounds/ps2_4/4_SPEECH_oncollect_2_UOS.m4a,ps2_4,ps2_4:collect2_speech.soundList (exact),
sounds/ps2_4/4_SPEECH_oncollect_3_UOS.m4a,ps2_4,ps2_4:collect3_speech.soundList (exact),
sounds/ps2_4/4_SPEECH_oncollect_4_UOS.m4a,ps2_4,ps2_4:collect4_speech.soundList (exact),
sounds/ps2_4/4_SPEECH_tripwire_forgetful_man_UOS.m4a,ps2_4,ps2_4:forgetfulman_stir.soundList (exact),
sounds/ps2_4/4_SPEECH_warning_marble_UOS.m4a,ps2_4,ps2_4:mindlouse_warning.soundList (exact),
sounds/ps2_4/4_atmos.m4a,ps2_4,ps2_4:atmos.soundList (exact),
sounds/ps2_4/4_end_UOS.m4a,ps2_4,ps2_4:door.collectSound (exact),
sounds/ps2_4/4_marble_kick_a.m4a,ps2_4,ps2_4:floor1.OnStep>PlaySound (prefix x3 (random)),
sounds/ps2_4/4_marble_kick_b.m4a,ps2_4,ps2_4:floor1.OnStep>PlaySound (prefix x3 (random)),
sounds/ps2_4/4_marble_kick_c.m4a,ps2_4,ps2_4:floor1.OnStep>PlaySound (prefix x3 (random)),
sounds/ps2_4/PAPA_mice_trip_LONGER_2.m4a,ps2_4,ps2_4:floor1.OnEnter>PlaySound (exact),
sounds/ps2_5/5_SPEECH_hint.m4a,ps2_5,ps2_5:Room.inactivitySounds (exact),
sounds/ps2_5/5_SPEECH_intro_UOS.m4a,ps2_5;ps2_Ot,ps2_5:Intro.soundList (exact),
sounds/ps2_5/5_SPEECH_oncollect_1_UOS.m4a,ps2_5;ps2_Ot,ps2_5:collect1_speech.soundList (exact),
sounds/ps2_5/5_SPEECH_oncollect_2_UOS.m4a,ps2_5;ps2_Ot,ps2_5:collect2_speech.soundList (exact),
sounds/ps2_5/5_SPEECH_oncollect_3_UOS.m4a,ps2_5;ps2_Ot,ps2_5:collect3_speech.soundList (exact);ps2_5:floor_warning1.soundList (exact),
sounds/ps2_5/5_SPEECH_oncollect_4_UOS.m4a,ps2_5;ps2_Ot,ps2_5:collect4_speech.soundList (exact),
sounds/ps2_5/5_SPEECH_precollect_3_UOS.m4a,ps2_5;ps2_Ot,ps2_5:smash_instructions.soundList (exact),
sounds/ps2_5/5_SPEECH_precollect_4_UOS.m4a,ps2_5;ps2_Ot,ps2_5:smash_instructions2.soundList (exact),
sounds/ps2_5/5_SPEECH_prompt_bubbles_UOS.m4a,ps2_5;ps2_Ot,ps2_5:bubbles_briefing.soundList (exact),
sounds/ps2_5/5_SPEECH_warning_close_UOS.m4a,ps2_5;ps2_Ot,ps2_5:warning_close.soundList (exact),
sounds/ps2_5/5_SPEECH_warning_short_a.m4a,ps2_5;ps2_Ot,ps2_5:Surface.OnEnter>PlaySound (prefix x6 (random));ps2_5:surface3.OnEnter>PlaySound (prefix x6 (random)),
sounds/ps2_5/5_SPEECH_warning_short_b.m4a,ps2_5;ps2_Ot,ps2_5:Surface.OnEnter>PlaySound (prefix x6 (random));ps2_5:surface3.OnEnter>PlaySound (prefix x6 (random)),
sounds/ps2_5/5_SPEECH_warning_short_c.m4a,ps2_5;ps2_Ot,ps2_5:Surface.OnEnter>PlaySound (prefix x6 (random));ps2_5:surface3.OnEnter>PlaySound (prefix x6 (random)),
sounds/ps2_5/5_SPEECH_warning_short_d.m4a,ps2_5;ps2_Ot,ps2_5:Surface.OnEnter>PlaySound (prefix x6 (random));ps2_5:surface3.OnEnter>PlaySound (prefix x6 (random)),
sounds/ps2_5/5_SPEECH_warning_short_e.m4a,ps2_5;ps2_Ot,ps2_5:Surface.OnEnter>PlaySound (prefix x6 (random));ps2_5:surface3.OnEnter>PlaySound (prefix x6 (random)),
sounds/ps2_5/5_SPEECH_warning_short_f.m4a,ps2_5;ps2_Ot,ps2_5:Surface.OnEnter>PlaySound (prefix x6 (random));ps2_5:surface3.OnEnter>PlaySound (prefix x6 (random)),
sounds/ps2_5/5_atmos.m4a,ps2_5;ps2_Ot,ps2_5:atmos.soundList (exact),
sounds/ps2_5/5_death_bottomless_water.m4a,ps2_5;ps2_Ot,ps2_5:surface1.deathSound (exact);ps2_5:surface2.deathSound (exact);ps2_5:surface3.deathSound (exact);ps2_5:surface4.deathSound (exact),
sounds/ps2_5/5_end_UOS.m4a,ps2_5;ps2_Ot,ps2_5:door.collectSound (exact),
sounds/ps2_5/5_object_bubble_1_SPA.m4a,ps2_5;ps2_Ot,ps2_5:surface1.sound (exact),
sounds/ps2_5/5_object_bubble_2_SPA.m4a,ps2_5;ps2_Ot,ps2_5:surface2.sound (exact),
sounds/ps2_5/5_object_bubble_3_SPA.m4a,ps2_5;ps2_Ot,ps2_5:surface3.sound (exact),
sounds/ps2_5/5_object_bubble_4_SPA.mp3,ps2_5;ps2_Ot,ps2_5:surface4.sound (exact),
sounds/ps2_5a/5a_SPEECH_aftershake_1_SPA_UOS.m4a,_ps2_5a;ps2_5a,ps2_5a:afterShake.soundList (exact),
sounds/ps2_5a/5a_SPEECH_aftershake_2_SPA_UOS.m4a,_ps2_5a;ps2_5a,ps2_5a:afterShake1.soundList (exact),
sounds/ps2_5a/5a_SPEECH_announcer_SPA_UOS.m4a,_ps2_5a;ps2_5a,ps2_5a:announcer.soundList (exact);ps2_5a:machine.introSound (exact),
sounds/ps2_5a/5a_SPEECH_at_mem_machine_SPA_UOS.m4a,_ps2_5a;ps2_5a,ps2_5a:from_mem_machine2.soundList (exact),
sounds/ps2_5a/5a_SPEECH_door_opened_UOS.m4a,_ps2_5a;ps2_5a,ps2_5a:door_opened.soundList (exact),
sounds/ps2_5a/5a_SPEECH_from_mem_machine_SPA_UOS.m4a,_ps2_5a;ps2_5a,ps2_5a:from_mem_machine.soundList (exact),
sounds/ps2_5a/5a_SPEECH_gramophone_started_UOS.m4a,_ps2_5a;ps2_5a,ps2_5a:gramophone_started.soundList (exact),
sounds/ps2_5a/5a_SPEECH_intro1_SPA_UOS.m4a,_ps2_5a;ps2_5a,ps2_5a:intro1.soundList (exact),
sounds/ps2_5a/5a_SPEECH_intro2Loop_SPA_UOS.m4a,_ps2_5a;ps2_5a,ps2_5a:intro2_collectible.loopSound (exact),
sounds/ps2_5a/5a_SPEECH_intro2_SPA_UOS.m4a,_ps2_5a;ps2_5a,ps2_5a:intro2.soundList (exact),
sounds/ps2_5a/5a_SPEECH_introA_SPA_UOS.m4a,_ps2_5a;ps2_5a,ps2_5a:introA.soundList (exact),
sounds/ps2_5a/5a_SPEECH_introLoop_SPA_UOS.m4a,_ps2_5a;ps2_5a,ps2_5a:introA_come_here_prompt.loopSound (exact),
sounds/ps2_5a/5a_SPEECH_intro_UOS.m4a,_ps2_5a;ps2_5a,ps2_5a:intro.soundList (exact),
sounds/ps2_5a/5a_SPEECH_phone_vibrate_UOS.m4a,_ps2_5a;ps2_5a,ps2_5a:phone_vibrate.soundList (exact),
sounds/ps2_5a/5a_SPEECH_portrait_alert_SPA_UOS.m4a,ps2_5a,ps2_5a:picture_portrait.soundList (exact),
sounds/ps2_5a/5a_SPEECH_prompt_come_to_gramophone_SPA_UOS.m4a,_ps2_5a;ps2_5a,ps2_5a:come_to_gramophone_prompt.soundList (exact),
sounds/ps2_5a/5a_SPEECH_prompt_drop_needle_UOS.m4a,_ps2_5a;ps2_5a,ps2_5a:drop_the_needle_prompt.soundList (exact),
sounds/ps2_5a/5a_SPEECH_prompt_hold_it_up_SPA_UOS.m4a,ps2_5a,ps2_5a:hold_it_up_prompt.soundList (exact),
sounds/ps2_5a/5a_SPEECH_put_hat_back_on_SPA_UOS.m4a,_ps2_5a;ps2_5a,ps2_5a:put_hat_back_on.soundList (exact),
sounds/ps2_5a/5a_explode1_UOS.m4a,_ps2_5a;ps2_5a,ps2_5a:intro2_collectible.collectSound (exact),
sounds/ps2_5a/5a_gramophone_intro_SPA_UOS.m4a,_ps2_5a;ps2_5a,,
sounds/ps2_6/6_SPEECH_hint.m4a,ps2_6,ps2_6:Room.inactivitySounds (exact),
sounds/ps2_6/6_SPEECH_instructions_hit_duck_1_UOS.m4a,ps2_6,ps2_6:hit1.soundList (exact),
sounds/ps2_6/6_SPEECH_instructions_hit_duck_2_UOS.m4a,ps2_6,ps2_6:hit2.soundList (exact),
sounds/ps2_6/6_SPEECH_instructions_shoot_ducks_UOS.m4a,ps2_6,ps2_6:ducks_setup.soundList (exact),
sounds/ps2_6/6_SPEECH_intro_UOS.m4a,ps2_6,ps2_6:Intro.soundList (exact),
sounds/ps2_6/6_SPEECH_prompt_exhibit_1_UOS.m4a,ps2_6,ps2_6:exhibit1_description.soundList (exact),
sounds/ps2_6/6_SPEECH_prompt_exhibit_2_UOS.m4a,ps2_6,ps2_6:exhibit2_description.soundList (prefix),
sounds/ps2_6/6_SPEECH_warning_evil_ducks_UOS.m4a,ps2_6,ps2_6:warning_evil_ducks.soundList (exact),
sounds/ps2_6/6_SPEECH_warning_shooting_over_UOS.m4a,ps2_6,ps2_6:shooting_over.soundList (exact),
sounds/ps2_6/6_duck_shooting_atmos.mp3,ps2_6,ps2_6:fair_stand.loopSound (exact),
sounds/ps2_6/6_end_UOS.m4a,ps2_6,ps2_6:door.collectSound (exact),
sounds/ps2_6/duck_stand_arrive_SPA_UOS.m4a,ps2_6,ps2_6:fair_stand.collectSound (exact),
sounds/ps2_7/7_SPEECH_hint.m4a,ps2_7;sp2_7,ps2_7:Room.inactivitySounds (exact),
sounds/ps2_7/7_SPEECH_intro_UOS.m4a,_ps2_7;ps2_7;sp2_7,ps2_7:Intro.soundList (exact),
sounds/ps2_7/7_SPEECH_prompt_freed_UOS_PRE.m4a,_ps2_7;ps2_7,ps2_7:safe1.OnActivate>PlaySound (prefix),
sounds/ps2_7/7_SPEECH_prompt_freed_short_UOS_PRE.m4a,_ps2_7;ps2_7,ps2_7:safe2.OnActivate>PlaySound (exact),
sounds/ps2_7/7_SPEECH_prompt_get_to_door_UOS.m4a,_ps2_7;ps2_7,ps2_7:door_open.soundList (exact),
sounds/ps2_7/7_SPEECH_prompt_ignore_banging_UOS.m4a,_ps2_7;ps2_7,ps2_7:ignore_banging.soundList (exact),
sounds/ps2_7/7_SPEECH_prompt_new_cat_2_UOS_PRE.m4a,_ps2_7;ps2_7,ps2_7:cat_warning2.soundList (prefix),
sounds/ps2_7/7_SPEECH_prompt_new_cat_UOS.m4a,_ps2_7;ps2_7,ps2_7:cat_warning.soundList (exact),
sounds/ps2_7/7_SPEECH_prompt_pull_yourself_out.m4a,_ps2_7;ps2_7,,
sounds/ps2_7/7_SPEECH_prompt_run_to_exit_UOS.m4a,_ps2_7;ps2_7,ps2_7:run_instructions.soundList (exact),
sounds/ps2_7/7_SPEECH_warning_close_UOS.m4a,_ps2_7;ps2_7,ps2_7:warning_close.soundList (exact),
sounds/ps2_7/7_SPEECH_warning_floor_fall_UOS.m4a,_ps2_7;ps2_7,ps2_7:floor_fall_warning.soundList (exact),
sounds/ps2_7/7_SPEECH_warning_floor_fall_short_UOS.m4a,_ps2_7;ps2_7,ps2_7:floor_fall_warning_short.soundList (exact),
sounds/ps2_7/7_SPEECH_warning_roof_fall_UOS_PRE.m4a,_ps2_7;ps2_7,ps2_7:roof_fall_warning.soundList (prefix),
sounds/ps2_7/7_SPEECH_warning_roof_fall_short_UOS_PRE.m4a,_ps2_7;ps2_7,ps2_7:roof_fall_warning_short.soundList (prefix),
sounds/ps2_7/7_SPEECH_warning_short_a_PRE.m4a,_ps2_7;ps2_7,ps2_7:Surface.OnEnter>PlaySound (prefix x4 (random));ps2_7:warning3.OnEnter>PlaySound (prefix x4 (random));ps2_7:warning3a.OnEnter>PlaySound (prefix x4 (random));ps2_7:warning4.OnEnter>PlaySound (prefix x4 (random));ps2_7:warning4a.OnEnter>PlaySound (prefix x4 (random)),
sounds/ps2_7/7_SPEECH_warning_short_b_PRE.m4a,_ps2_7;ps2_7,ps2_7:Surface.OnEnter>PlaySound (prefix x4 (random));ps2_7:warning3.OnEnter>PlaySound (prefix x4 (random));ps2_7:warning3a.OnEnter>PlaySound (prefix x4 (random));ps2_7:warning4.OnEnter>PlaySound (prefix x4 (random));ps2_7:warning4a.OnEnter>PlaySound (prefix x4 (random)),
sounds/ps2_7/7_SPEECH_warning_short_c_PRE.m4a,_ps2_7;ps2_7,ps2_7:Surface.OnEnter>PlaySound (prefix x4 (random));ps2_7:warning3.OnEnter>PlaySound (prefix x4 (random));ps2_7:warning3a.OnEnter>PlaySound (prefix x4 (random));ps2_7:warning4.OnEnter>PlaySound (prefix x4 (random));ps2_7:warning4a.OnEnter>PlaySound (prefix x4 (random)),
sounds/ps2_7/7_SPEECH_warning_short_d_PRE.m4a,_ps2_7;ps2_7,ps2_7:Surface.OnEnter>PlaySound (prefix x4 (random));ps2_7:warning3.OnEnter>PlaySound (prefix x4 (random));ps2_7:warning3a.OnEnter>PlaySound (prefix x4 (random));ps2_7:warning4.OnEnter>PlaySound (prefix x4 (random));ps2_7:warning4a.OnEnter>PlaySound (prefix x4 (random)),
sounds/ps2_7/7_angry_cat_1.m4a,_ps2_7;ps2_7,ps2_7:fake_cat_1.pauseSound (exact);ps2_7:fake_cat_1.soundList (exact),
sounds/ps2_7/7_angry_cat_2.m4a,_ps2_7;ps2_7,ps2_7:fake_cat_2.soundList (exact),
sounds/ps2_7/7_banging_SPA.m4a,ps2_7,ps2_7:banging.soundList (exact),
sounds/ps2_7/7_cat_collect_SPA.m4a,_ps2_7;ps2_7,ps2_7:memory1.collectSound (exact);ps2_7:memory2.collectSound (exact),
sounds/ps2_7/7_cat_miaow_SPA.m4a,_ps2_7;ps2_7,ps2_7:cat1.soundList (exact);ps2_7:cat2.pauseSound (exact);ps2_7:cat3.soundList (exact);ps2_7:cat4.soundList (exact);ps2_7:memory1.loopSound (exact);ps2_7:memory2.loopSound (exact),
sounds/ps2_7/7_cat_miaow_dupe_SPA.m4a,ps2_7,ps2_7:cat2.soundList (exact),
sounds/ps2_7/7_end_UOS.m4a,_ps2_7;ps2_7,ps2_7:door.collectSound (exact),
sounds/ps2_7/7_floor_escape_PRE.m4a,_ps2_7;ps2_7,ps2_7:safe1.OnActivate>PlaySound (prefix);ps2_7:safe2.OnActivate>PlaySound (prefix),
sounds/ps2_7/7_floor_open.m4a,_ps2_7;ps2_7,ps2_7:fall_through_floor_SFX.soundList (exact);ps2_7:fall_through_floor_SFX_2.soundList (exact),
sounds/ps2_7/7_scrape_a_PRE.m4a,_ps2_7;ps2_7,ps2_7:hand_release.OnLeftHand>PlaySound (prefix x4 (random));ps2_7:hand_release.OnRightHand>PlaySound (prefix x4 (random));ps2_7:hand_release1.OnLeftHand>PlaySound (prefix x4 (random));ps2_7:hand_release1.OnRightHand>PlaySound (prefix x4 (random)),
sounds/ps2_7/7_scrape_b_PRE.m4a,_ps2_7;ps2_7,ps2_7:hand_release.OnLeftHand>PlaySound (prefix x4 (random));ps2_7:hand_release.OnRightHand>PlaySound (prefix x4 (random));ps2_7:hand_release1.OnLeftHand>PlaySound (prefix x4 (random));ps2_7:hand_release1.OnRightHand>PlaySound (prefix x4 (random)),
sounds/ps2_7/7_scrape_c_PRE.m4a,_ps2_7;ps2_7,ps2_7:hand_release.OnLeftHand>PlaySound (prefix x4 (random));ps2_7:hand_release.OnRightHand>PlaySound (prefix x4 (random));ps2_7:hand_release1.OnLeftHand>PlaySound (prefix x4 (random));ps2_7:hand_release1.OnRightHand>PlaySound (prefix x4 (random)),
sounds/ps2_7/7_scrape_d_PRE.m4a,_ps2_7;ps2_7,ps2_7:hand_release.OnLeftHand>PlaySound (prefix x4 (random));ps2_7:hand_release.OnRightHand>PlaySound (prefix x4 (random));ps2_7:hand_release1.OnLeftHand>PlaySound (prefix x4 (random));ps2_7:hand_release1.OnRightHand>PlaySound (prefix x4 (random)),
sounds/ps2_8/8_SPEECH_hint.m4a,ps2_8,ps2_8:Room.inactivitySounds (exact),
sounds/ps2_8/8_SPEECH_intro_UOS.m4a,ps2_8,ps2_8:Intro.soundList (exact),
sounds/ps2_8/8_SPEECH_oncollect_1_UOS.m4a,ps2_8,ps2_8:girl_picked_up_warning.soundList (exact),
sounds/ps2_8/8_SPEECH_oncollect_final_UOS.m4a,ps2_8,ps2_8:get_out.soundList (exact),
sounds/ps2_8/8_SPEECH_prompt_clap_too_much.m4a,ps2_8,ps2_8:prompt_clap_too_much.soundList (exact),
sounds/ps2_8/8_SPEECH_prompt_penguin_close_UOS.m4a,ps2_8,ps2_8:penguin_close.soundList (exact),
sounds/ps2_8/8_SPEECH_warning_monster_appear_UOS.m4a,ps2_8,ps2_8:monster_appear_warning.soundList (exact),
sounds/ps2_8/8_SPEECH_warning_penguin_appear_UOS.m4a,ps2_8,ps2_8:penguin_appear_warning.soundList (exact),
sounds/ps2_8/8_atmos.mp3,ps2_8,ps2_8:atmos.soundList (exact),
sounds/ps2_8/8_end_UOS.m4a,ps2_8,ps2_8:door.collectSound (exact),
sounds/ps2_8/8_fish_splat_SPA_UOS.m4a,ps2_8,ps2_8:memory2.OnCollide>PlaySpatialSoundOnAgentWithName (exact),
sounds/ps2_8/bird_tweet_SPA.m4a,ps2_8,ps2_8:memory1.loopSound (exact);ps2_8:memory2.loopSound (exact);ps2_8:memory3.loopSound (exact);ps2_8:memory5.loopSound (exact);ps2_8:memory6.loopSound (exact),
sounds/ps2_8/dog_pant_SPA.m4a,ps2_8,ps2_8:memory4.collectSound (exact),
sounds/ps2_8/dog_whimper_SPA.m4a,ps2_8,ps2_8:memory4.introSound (exact);ps2_8:memory4.loopSound (exact),
sounds/ps2_9/9_SPEECH_hint.m4a,ps2_9,,
sounds/ps2_9/9_atmos_quiet.mp3,ps2_9;ps2_9python,ps2_9:atmos_quiet.soundList (exact),
sounds/ps2_9/9_end_UOS.m4a,ps2_9,ps2_9:door.collectSound (exact),
sounds/ps2_9/9_large_explosion.mp3,ps2_9,ps2_9:explosion_large.soundList (exact),
sounds/ps2_9/9_submarine_SPEECH_instruction_trapped_man_UOS.m4a,ps2_9,ps2_9:man_trapped.OnCollide>PlaySound (exact),
sounds/ps2_9/9_submarine_SPEECH_intro_UOS.m4a,ps2_9,ps2_9:Intro.soundList (exact),
sounds/ps2_9/9_submarine_SPEECH_onpass_steam_1_UOS.m4a,ps2_9;ps2_9python,ps2_9:Surface.OnEnter>PlaySound (exact),
sounds/ps2_9/9_submarine_SPEECH_prompt_alarm_died_UOS.m4a,ps2_9,ps2_9:alarm_died.soundList (exact),
sounds/ps2_9/9_submarine_SPEECH_prompt_answer1_UOS.m4a,ps2_9,ps2_9:whisper_scene2.soundList (exact),
sounds/ps2_9/9_submarine_SPEECH_prompt_answer2_UOS.m4a,ps2_9,ps2_9:whisper_scene_end.soundList (exact),
sounds/ps2_9/9_submarine_SPEECH_prompt_follow_to_hatch_SPA.m4a,ps2_9,ps2_9:man_banging_still.collectSound (exact);ps2_9:man_released.soundList (exact),
sounds/ps2_9/9_submarine_SPEECH_prompt_whisper1_SPA_UOS.m4a,ps2_9,ps2_9:whisper_scene.soundList (exact),
sounds/ps2_9/9_submarine_SPEECH_prompt_whisper2_SPA_UOS.m4a,ps2_9,ps2_9:whisper_scene3.soundList (exact),
sounds/ps2_9/9_submarine_SPEECH_warning_steam_UOS.m4a,ps2_9;ps2_9python,ps2_9:geiger_warning.soundList (exact),
sounds/ps2_9/9_submarine_SPEECH_warning_steam_blow_2_UOS.m4a,ps2_9;ps2_9python,ps2_9:steam_blow_warning_2.soundList (exact),
sounds/ps2_9/9_submarine_SPEECH_warning_steam_blow_UOS.m4a,ps2_9;ps2_9python,ps2_9:steam_blow_warning.soundList (exact),
sounds/ps2_9/9_submarine_creak_1_SPA.m4a,ps2_9,ps2_9:creak1.soundList (exact),
sounds/ps2_9/9_submarine_creak_2_SPA.m4a,ps2_9,ps2_9:creak2.soundList (exact),
sounds/ps2_9/9_submarine_creak_3_SPA.m4a,ps2_9,ps2_9:creak3.soundList (exact),
sounds/ps2_9/9_submarine_target_beacon_SPA.m4a,ps2_9,ps2_9:beacon.soundList (exact);ps2_9:beacon2.soundList (exact),
sounds/ps2_9/9_submarine_target_metal_banging_SPA.m4a,ps2_9,ps2_9:man_banging_still.loopSound (exact);ps2_9:man_trapped.soundList (exact),
sounds/ps2_9/waterpouringin_submarine_b_SPA.mp3,ps2_9;ps2_9python,ps2_9:water_pour1.soundList (exact);ps2_9:water_pour2.soundList (exact),
sounds/ps2_Intro/INTRO_SPEECH_bird_flock_SPA_UOS.m4a,ps2_Intro,ps2_Intro:dont_open_them.soundList (exact),
sounds/ps2_Intro/INTRO_SPEECH_gramophone_start_SPA_UOS.m4a,_ps2_Intro;ps2_Intro,ps2_Intro:gramophone_intro.soundList (exact),
sounds/ps2_Intro/INTRO_SPEECH_prompt_no_clap_SPA_UOS.m4a,_ps2_Intro;ps2_Intro,ps2_Intro:no_clap_prompt.soundList (exact),
sounds/ps2_Intro/INTRO_SPEECH_prompt_no_walk_SPA_UOS.m4a,_ps2_Intro;ps2_Intro,ps2_Intro:Room.inactivitySounds (exact);ps2_Intro:no_walk_prompt.soundList (exact),
sounds/ps2_Intro/INTRO_SPEECH_prompt_on_walking_SPA_UOS.m4a,_ps2_Intro;ps2_Intro,ps2_Intro:walk_prompt.soundList (exact),
sounds/ps2_Intro/INTRO_SPEECH_training_0_SPA_UOS.m4a,_ps2_Intro;ps2_Intro,ps2_Intro:Intro0.soundList (exact),
sounds/ps2_Intro/INTRO_SPEECH_training_0a_SPA_UOS.m4a,_ps2_Intro;ps2_Intro;ps2_Intropython,ps2_Intro:Intro0a.soundList (exact),
sounds/ps2_Intro/INTRO_SPEECH_training_0a_prompt_SPA_UOS.m4a,_ps2_Intro;ps2_Intro,ps2_Intro:Intro0a_prompt.soundList (exact),
sounds/ps2_Intro/INTRO_SPEECH_training_10_SPA_UOS.m4a,_ps2_Intro;ps2_Intro;ps2_Intropython,ps2_Intro:intro10.soundList (exact),
sounds/ps2_Intro/INTRO_SPEECH_training_10a_UOS.m4a,_ps2_Intro;ps2_Intro,ps2_Intro:intro10a.soundList (exact),
sounds/ps2_Intro/INTRO_SPEECH_training_11_UOS.m4a,_ps2_Intro;ps2_Intro,ps2_Intro:door_open_detector.collectSound (exact),
sounds/ps2_Intro/INTRO_SPEECH_training_1_SPA_UOS.m4a,_ps2_Intro;ps2_Intro,ps2_Intro:intro1.soundList (exact),
sounds/ps2_Intro/INTRO_SPEECH_training_1a_SPA_UOS.m4a,_ps2_Intro;ps2_Intro,ps2_Intro:intro1a.soundList (exact),
sounds/ps2_Intro/INTRO_SPEECH_training_1a_prompt_SPA_UOS.m4a,_ps2_Intro;ps2_Intro,,
sounds/ps2_Intro/INTRO_SPEECH_training_2_SPA_UOS.m4a,_ps2_Intro;ps2_Intro,ps2_Intro:intro2.soundList (exact),
sounds/ps2_Intro/INTRO_SPEECH_training_3_SPA_UOS.m4a,_ps2_Intro;ps2_Intro,ps2_Intro:intro3.soundList (exact),
sounds/ps2_Intro/INTRO_SPEECH_training_4_SPA_UOS.m4a,_ps2_Intro;ps2_Intro,ps2_Intro:intro4.soundList (exact),
sounds/ps2_Intro/INTRO_SPEECH_training_5_SPA_UOS.m4a,_ps2_Intro;ps2_Intro,ps2_Intro:intro5.soundList (exact),
sounds/ps2_Intro/INTRO_SPEECH_training_5_close_SPA_UOS.m4a,ps2_Intro,ps2_Intro:intro5_close.soundList (exact),
sounds/ps2_Intro/INTRO_SPEECH_training_5a_SPA_UOS.m4a,_ps2_Intro;ps2_Intro,ps2_Intro:in_stream.soundList (exact),
sounds/ps2_Intro/INTRO_SPEECH_training_6_SPA_UOS.m4a,_ps2_Intro;ps2_Intro,ps2_Intro:intro6.soundList (exact),
sounds/ps2_Intro/INTRO_SPEECH_training_7_SPA_UOS.m4a,_ps2_Intro;ps2_Intro,ps2_Intro:intro7.soundList (exact),
sounds/ps2_Intro/INTRO_SPEECH_training_8_SPA_UOS.m4a,_ps2_Intro;ps2_Intro,ps2_Intro:intro8.soundList (exact),
sounds/ps2_Intro/INTRO_SPEECH_training_9_SPA_UOS.m4a,_ps2_Intro;ps2_Intro,ps2_Intro:intro9.soundList (exact),
sounds/ps2_Intro/INTRO_SPEECH_training_on_see_fountain_SPA_UOS.m4a,_ps2_Intro;ps2_Intro;ps2_Intropython,ps2_Intro:see_fountain_prompt.soundList (exact),
sounds/ps2_Intro/INTRO_SPEECH_training_on_see_gramophone_SPA_UOS.m4a,_ps2_Intro;ps2_Intro;ps2_Intropython,ps2_Intro:see_gramophone_prompt.soundList (exact),
sounds/ps2_Intro/INTRO_SPEECH_training_prompt_open_door_UOS.m4a,_ps2_Intro;ps2_Intro,ps2_Intro:open_door_prompt.soundList (exact),
sounds/ps2_Intro/INTRO_SPEECH_training_thats_it_SPA_UOS.m4a,_ps2_Intro;ps2_Intro,,
sounds/ps2_Intro/INTRO_SPEECH_training_turn_to_face_me_SPA_UOS.m4a,_ps2_Intro;ps2_Intro,ps2_Intro:turn_back_to_me_prompt.soundList (exact),
sounds/ps2_Intro/INTRO_bird_flock_UOS.m4a,ps2_Intro,ps2_Intro:bird_flock.soundList (exact),
sounds/ps2_Intro/INTRO_cluck_UOS.m4a,_ps2_Intro;ps2_Intro,ps2_Intro:clucking.soundList (exact),
sounds/ps2_Intro/INTRO_door_appear_SPA.m4a,_ps2_Intro;ps2_Intro,,
sounds/ps2_Intro/INTRO_door_close_SPA_UOS.m4a,_ps2_Intro;ps2_Intro,ps2_Intro:door_close.soundList (exact),
sounds/ps2_Intro/INTRO_door_closed_loop_SPA.m4a,_ps2_Intro;ps2_Intro,ps2_Intro:door_closed.soundList (exact),
sounds/ps2_Intro/INTRO_door_loop_SPA.m4a,_ps2_Intro;ps2_Intro,,
sounds/ps2_Intro/INTRO_intro_UOS.m4a,_ps2_Intro;ps2_Intro,ps2_Intro:Intro_sound.soundList (exact),
sounds/ps2_Intro/birdtakeoff_intro_UOS.m4a,ps2_Intro,ps2_Intro:Player.OnClap>PlaySound (exact),
sounds/ps2_Intro/blind_INTRO_SPEECH_bird_flock_SPA_UOS.mp3,ps2_Intro,-[PGESound createSpatializedSound] blind_%@ when VoiceOver runs (blind_%@),
sounds/ps2_Intro/blind_INTRO_SPEECH_training_0_SPA_UOS.m4a,_ps2_Intro;ps2_Intro,-[PGESound createSpatializedSound] blind_%@ when VoiceOver runs (blind_%@),
sounds/ps2_Intro/blind_ps2_skip_tuto.m4a,_ps2_Intro;ps2_Intro,-[PGESound createSpatializedSound] blind_%@ when VoiceOver runs (blind_%@),
sounds/ps2_Intro/needle_jerk_SPA_UOS.m4a,_ps2_Intro;ps2_Intro,ps2_Intro:needle_jerk.soundList (prefix),
sounds/ps2_Intro/ps2_skip_tuto.mp3,ps2_Intro,ps2_Intro:skip_tuto.soundList (exact),
sounds/silence/silence.mp3,_silence,ps2_12:door.loopSound (exact);ps2_12:pre_door.introSound (exact);ps2_12:pre_door.loopSound (exact);ps2_13:door.loopSound (exact);ps2_13:pre_door.introSound (exact);ps2_13:pre_door.loopSound (exact);ps2_14:achievement_collectible.collectSound (exact);ps2_14:achievement_collectible.loopSound (exact);ps2_14:door.loopSound (exact);ps2_14:pre_door.introSound (exact);ps2_14:pre_door.loopSound (exact);ps2_15:door.loopSound (exact);ps2_15:pre_door.introSound (exact);ps2_15:pre_door.loopSound (exact);ps2_16:pre_door.introSound (exact);ps2_16:pre_door.loopSound (exact);ps2_1:hand_detector.soundList (exact);ps2_7:detector.collectSound (exact);ps2_7:detector.introSound (exact);ps2_7:detector.loopSound (exact);ps2_9:power_fail.soundList (exact);ps2_Intro:door_open_detector.introSound (exact);ps2_Intro:door_open_detector.loopSound (exact),
sounds/submarine_sounds/9_atmos.m4a,_submarine_sounds,ps2_17:atmos_sub.soundList (exact);ps2_9:atmos.soundList (exact),
sounds/submarine_sounds/9_death_steam_UOS.m4a,_submarine_sounds,ps2_17:death_zone_1.deathSound (prefix);ps2_17:death_zone_2.deathSound (prefix);ps2_17:death_zone_3.deathSound (prefix);ps2_17:death_zone_4.deathSound (prefix);ps2_17:death_zone_5.deathSound (prefix);ps2_9:death_zone_1.deathSound (prefix);ps2_9:death_zone_2.deathSound (prefix);ps2_9:death_zone_3.deathSound (prefix);ps2_9:death_zone_4.deathSound (prefix);ps2_9:death_zone_5.deathSound (prefix);ps2_9:death_zone_6.deathSound (prefix);ps2_9:death_zone_7.deathSound (prefix),
sounds/submarine_sounds/9_explosion2_SPA.m4a,_submarine_sounds,ps2_17:explosion1.soundList (prefix x3 (random));ps2_17:explosion2.soundList (prefix x3 (random));ps2_17:explosion3.soundList (prefix x3 (random));ps2_17:explosion4.soundList (prefix x3 (random));ps2_9:explosion2.soundList (exact);ps2_9:explosion5.soundList (exact),
sounds/submarine_sounds/9_explosion3_SPA.m4a,_submarine_sounds,ps2_17:explosion1.soundList (prefix x3 (random));ps2_17:explosion2.soundList (prefix x3 (random));ps2_17:explosion3.soundList (prefix x3 (random));ps2_17:explosion4.soundList (prefix x3 (random));ps2_9:explosion3.soundList (exact);ps2_9:explosion6.soundList (exact),
sounds/submarine_sounds/9_explosion_SPA.m4a,_submarine_sounds,ps2_17:explosion1.soundList (prefix x3 (random));ps2_17:explosion2.soundList (prefix x3 (random));ps2_17:explosion3.soundList (prefix x3 (random));ps2_17:explosion4.soundList (prefix x3 (random));ps2_9:explosion1.soundList (exact);ps2_9:explosion4.soundList (exact);ps2_9:explosion7.soundList (exact),
sounds/submarine_sounds/9_submarine_steam_1_SPA.m4a,_submarine_sounds,ps2_17:steam1_on.soundList (exact);ps2_17:steam4_on.soundList (exact);ps2_9:steam1_on.soundList (exact);ps2_9:steam4_on.soundList (exact);ps2_9:steam7_on.soundList (exact),
sounds/submarine_sounds/9_submarine_steam_1_off_SPA.mp3,_submarine_sounds,ps2_17:steam1_off.soundList (exact);ps2_17:steam4_off.soundList (exact);ps2_9:steam1_off.soundList (exact);ps2_9:steam4_off.soundList (exact);ps2_9:steam7_off.soundList (exact),
sounds/submarine_sounds/9_submarine_steam_2_SPA.m4a,_submarine_sounds,ps2_17:steam2_on.soundList (exact);ps2_17:steam5_on.soundList (exact);ps2_9:steam2_on.soundList (exact);ps2_9:steam5_on.soundList (exact),
sounds/submarine_sounds/9_submarine_steam_2_off_SPA.mp3,_submarine_sounds,ps2_17:steam2_off.soundList (exact);ps2_17:steam5_off.soundList (exact);ps2_9:steam2_off.soundList (exact);ps2_9:steam5_off.soundList (exact),
sounds/submarine_sounds/9_submarine_steam_3_SPA.m4a,_submarine_sounds,ps2_17:steam3_on.soundList (exact);ps2_9:steam3_on.soundList (exact);ps2_9:steam6_on.soundList (exact),
sounds/submarine_sounds/9_submarine_steam_3_off_SPA.mp3,_submarine_sounds,ps2_17:steam3_off.soundList (exact);ps2_9:steam3_off.soundList (exact);ps2_9:steam6_off.soundList (exact),
sounds/submarine_sounds/geiger_submarine_hi_PRE.m4a,_submarine_sounds,ps2_17:geiger_hi.soundList (exact);ps2_9:geiger_hi.soundList (exact),
sounds/submarine_sounds/geiger_submarine_hi_exit_PRE.m4a,_submarine_sounds,ps2_17:geiger_hi_exit.soundList (exact);ps2_9:geiger_hi_exit.soundList (exact),
sounds/submarine_sounds/geiger_submarine_lo.m4a,_submarine_sounds,ps2_17:geiger_normal.soundList (exact);ps2_9:geiger_normal.soundList (exact),
sounds/submarine_sounds/geiger_submarine_med.m4a,_submarine_sounds,ps2_17:geiger_med.soundList (exact);ps2_9:geiger_med.soundList (exact),
sounds/submarine_sounds/submarine_siren_SPA.m4a,_submarine_sounds,ps2_17:siren1.loopSound (exact);ps2_17:siren2.loopSound (exact);ps2_17:siren3.loopSound (exact);ps2_17:siren4.loopSound (exact);ps2_9:siren1.loopSound (exact);ps2_9:siren2.loopSound (exact);ps2_9:siren3.loopSound (exact);ps2_9:siren4.loopSound (exact);ps2_9:siren5.loopSound (exact);ps2_9:siren6.loopSound (exact);ps2_9:siren7.loopSound (exact),
sounds/submarine_sounds/submarine_siren_end.m4a,_submarine_sounds,ps2_17:siren1.collectSound (exact);ps2_17:siren2.collectSound (exact);ps2_17:siren3.collectSound (exact);ps2_17:siren4.collectSound (exact);ps2_9:siren1.collectSound (exact);ps2_9:siren2.collectSound (exact);ps2_9:siren3.collectSound (exact);ps2_9:siren4.collectSound (exact);ps2_9:siren5.collectSound (exact);ps2_9:siren6.collectSound (exact);ps2_9:siren7.collectSound (exact),
sounds/thunder/16_atmos.m4a,_thunder,ps2_16:atmos.soundList (exact),
sounds/thunder/16_thunder_off_a.mp3,_thunder,ps2_16:thunder_off.soundList (prefix x6 (random)),
sounds/thunder/16_thunder_off_b.mp3,_thunder,ps2_16:thunder_off.soundList (prefix x6 (random)),
sounds/thunder/16_thunder_off_c.mp3,_thunder,ps2_16:thunder_off.soundList (prefix x6 (random)),
sounds/thunder/16_thunder_off_d.mp3,_thunder,ps2_16:thunder_off.soundList (prefix x6 (random)),
sounds/thunder/16_thunder_off_e.mp3,_thunder,ps2_16:thunder_off.soundList (prefix x6 (random)),
sounds/thunder/16_thunder_off_f.mp3,_thunder,ps2_16:thunder_off.soundList (prefix x6 (random)),
sounds/thunder/16_thunder_on_a.mp3,_thunder,ps2_16:thunder_on.soundList (prefix x5 (random)),
sounds/thunder/16_thunder_on_b.mp3,_thunder,ps2_16:thunder_on.soundList (prefix x5 (random)),
sounds/thunder/16_thunder_on_c.mp3,_thunder,ps2_16:thunder_on.soundList (prefix x5 (random)),
sounds/thunder/16_thunder_on_d.mp3,_thunder,ps2_16:thunder_on.soundList (prefix x5 (random)),
sounds/thunder/16_thunder_on_e.mp3,_thunder,ps2_16:thunder_on.soundList (prefix x5 (random)),
sounds/walking_away_picture/8_SPEECH_prompt_wrong_way_a.m4a,_walking_away_picture,ps2_6:floor_walking_away.OnEnter>PlaySound (prefix x2 (random));ps2_8:floor_walking_away.OnEnter>PlaySound (prefix x2 (random)),
sounds/walking_away_picture/8_SPEECH_prompt_wrong_way_b.m4a,_walking_away_picture,ps2_6:floor_walking_away.OnEnter>PlaySound (prefix x2 (random));ps2_8:floor_walking_away.OnEnter>PlaySound (prefix x2 (random)),
sounds/water_pistol/water_pistol_a.m4a,_water_pistol,ps2_11a:Player.shootSound (prefix x2 (random));ps2_11b:Player.shootSound (prefix x2 (random));ps2_18:Player.shootSound (prefix x2 (random)),
sounds/water_pistol/water_pistol_b.m4a,_water_pistol,ps2_11a:Player.shootSound (prefix x2 (random));ps2_11b:Player.shootSound (prefix x2 (random));ps2_18:Player.shootSound (prefix x2 (random)),
sounds/white_room/gramophone_start_UOS.m4a,_white_room,ps2_12:gramophone_start.soundList (exact);ps2_13:gramophone_start.soundList (exact);ps2_14:gramophone_start.soundList (exact);ps2_15:gramophone_start.soundList (exact);ps2_16:gramophone_start.soundList (exact),
sounds/white_room/white_room_transition_UOS.m4a,_white_room,ps2_12:white_room.soundList (exact);ps2_13:white_room.soundList (exact);ps2_14:white_room.soundList (exact);ps2_16:white_room.soundList (exact),
